date,origin,destination,ridership
2026-01-01,Bukit Bintang,Bukit Bintang,556
2026-01-01,Bukit Bintang,KL Sentral,2
2026-01-01,Bukit Bintang,KLCC,9
2026-01-01,Bukit Bintang,Masjid Jamek,11
2026-01-01,Bukit Bintang,Pasar Seni,10
2026-01-01,KL Sentral,Bukit Bintang,0
2026-01-01,KL Sentral,KL Sentral,317
2026-01-01,KL Sentral,KLCC,2064
2026-01-01,KL Sentral,Masjid Jamek,295
2026-01-01,KL Sentral,Pasar Seni,1813
2026-01-01,KLCC,Bukit Bintang,34
2026-01-01,KLCC,KL Sentral,2153
2026-01-01,KLCC,KLCC,298
2026-01-01,KLCC,Masjid Jamek,571
2026-01-01,KLCC,Pasar Seni,1857
2026-01-01,Masjid Jamek,Bukit Bintang,28
2026-01-01,Masjid Jamek,KL Sentral,355
2026-01-01,Masjid Jamek,KLCC,462
2026-01-01,Masjid Jamek,Masjid Jamek,178
2026-01-01,Masjid Jamek,Pasar Seni,104
2026-01-01,Pasar Seni,Bukit Bintang,7
2026-01-01,Pasar Seni,KL Sentral,1972
2026-01-01,Pasar Seni,KLCC,1562
2026-01-01,Pasar Seni,Masjid Jamek,115
2026-01-01,Pasar Seni,Pasar Seni,688
2026-01-02,Bukit Bintang,Bukit Bintang,396
2026-01-02,Bukit Bintang,KL Sentral,0
2026-01-02,Bukit Bintang,KLCC,13
2026-01-02,Bukit Bintang,Masjid Jamek,0
2026-01-02,Bukit Bintang,Pasar Seni,0
2026-01-02,KL Sentral,Bukit Bintang,1
2026-01-02,KL Sentral,KL Sentral,325
2026-01-02,KL Sentral,KLCC,2045
2026-01-02,KL Sentral,Masjid Jamek,399
2026-01-02,KL Sentral,Pasar Seni,1508
2026-01-02,KLCC,Bukit Bintang,19
2026-01-02,KLCC,KL Sentral,1932
2026-01-02,KLCC,KLCC,214
2026-01-02,KLCC,Masjid Jamek,438
2026-01-02,KLCC,Pasar Seni,1240
2026-01-02,Masjid Jamek,Bukit Bintang,20
2026-01-02,Masjid Jamek,KL Sentral,487
2026-01-02,Masjid Jamek,KLCC,511
2026-01-02,Masjid Jamek,Masjid Jamek,160
2026-01-02,Masjid Jamek,Pasar Seni,171
2026-01-02,Pasar Seni,Bukit Bintang,7
2026-01-02,Pasar Seni,KL Sentral,1486
2026-01-02,Pasar Seni,KLCC,1214
2026-01-02,Pasar Seni,Masjid Jamek,132
2026-01-02,Pasar Seni,Pasar Seni,491
2026-01-03,Bukit Bintang,Bukit Bintang,586
2026-01-03,Bukit Bintang,KL Sentral,0
2026-01-03,Bukit Bintang,KLCC,17
2026-01-03,Bukit Bintang,Masjid Jamek,5
2026-01-03,Bukit Bintang,Pasar Seni,9
2026-01-03,KL Sentral,Bukit Bintang,6
2026-01-03,KL Sentral,KL Sentral,259
2026-01-03,KL Sentral,KLCC,1515
2026-01-03,KL Sentral,Masjid Jamek,210
2026-01-03,KL Sentral,Pasar Seni,1216
2026-01-03,KLCC,Bukit Bintang,16
2026-01-03,KLCC,KL Sentral,1432
2026-01-03,KLCC,KLCC,247
2026-01-03,KLCC,Masjid Jamek,269
2026-01-03,KLCC,Pasar Seni,1205
2026-01-03,Masjid Jamek,Bukit Bintang,30
2026-01-03,Masjid Jamek,KL Sentral,257
2026-01-03,Masjid Jamek,KLCC,274
2026-01-03,Masjid Jamek,Masjid Jamek,151
2026-01-03,Masjid Jamek,Pasar Seni,79
2026-01-03,Pasar Seni,Bukit Bintang,5
2026-01-03,Pasar Seni,KL Sentral,1308
2026-01-03,Pasar Seni,KLCC,1251
2026-01-03,Pasar Seni,Masjid Jamek,90
2026-01-03,Pasar Seni,Pasar Seni,417
2026-01-04,Bukit Bintang,Bukit Bintang,394
2026-01-04,Bukit Bintang,KL Sentral,0
2026-01-04,Bukit Bintang,KLCC,13
2026-01-04,Bukit Bintang,Masjid Jamek,3
2026-01-04,Bukit Bintang,Pasar Seni,3
2026-01-04,KL Sentral,Bukit Bintang,6
2026-01-04,KL Sentral,KL Sentral,216
2026-01-04,KL Sentral,KLCC,1403
2026-01-04,KL Sentral,Masjid Jamek,244
2026-01-04,KL Sentral,Pasar Seni,1270
2026-01-04,KLCC,Bukit Bintang,3
2026-01-04,KLCC,KL Sentral,1193
2026-01-04,KLCC,KLCC,171
2026-01-04,KLCC,Masjid Jamek,349
2026-01-04,KLCC,Pasar Seni,968
2026-01-04,Masjid Jamek,Bukit Bintang,39
2026-01-04,Masjid Jamek,KL Sentral,267
2026-01-04,Masjid Jamek,KLCC,348
2026-01-04,Masjid Jamek,Masjid Jamek,137
2026-01-04,Masjid Jamek,Pasar Seni,86
2026-01-04,Pasar Seni,Bukit Bintang,1
2026-01-04,Pasar Seni,KL Sentral,1400
2026-01-04,Pasar Seni,KLCC,893
2026-01-04,Pasar Seni,Masjid Jamek,70
2026-01-04,Pasar Seni,Pasar Seni,437
2026-01-05,Bukit Bintang,Bukit Bintang,259
2026-01-05,Bukit Bintang,KL Sentral,0
2026-01-05,Bukit Bintang,KLCC,18
2026-01-05,Bukit Bintang,Masjid Jamek,1
2026-01-05,Bukit Bintang,Pasar Seni,3
2026-01-05,KL Sentral,Bukit Bintang,5
2026-01-05,KL Sentral,KL Sentral,260
2026-01-05,KL Sentral,KLCC,1741
2026-01-05,KL Sentral,Masjid Jamek,440
2026-01-05,KL Sentral,Pasar Seni,1141
2026-01-05,KLCC,Bukit Bintang,20
2026-01-05,KLCC,KL Sentral,1655
2026-01-05,KLCC,KLCC,215
2026-01-05,KLCC,Masjid Jamek,331
2026-01-05,KLCC,Pasar Seni,881
2026-01-05,Masjid Jamek,Bukit Bintang,4
2026-01-05,Masjid Jamek,KL Sentral,501
2026-01-05,Masjid Jamek,KLCC,384
2026-01-05,Masjid Jamek,Masjid Jamek,150
2026-01-05,Masjid Jamek,Pasar Seni,139
2026-01-05,Pasar Seni,Bukit Bintang,1
2026-01-05,Pasar Seni,KL Sentral,1113
2026-01-05,Pasar Seni,KLCC,780
2026-01-05,Pasar Seni,Masjid Jamek,120
2026-01-05,Pasar Seni,Pasar Seni,405
2026-01-06,Bukit Bintang,Bukit Bintang,324
2026-01-06,Bukit Bintang,KL Sentral,0
2026-01-06,Bukit Bintang,KLCC,0
2026-01-06,Bukit Bintang,Masjid Jamek,0
2026-01-06,Bukit Bintang,Pasar Seni,0
2026-01-06,KL Sentral,Bukit Bintang,0
2026-01-06,KL Sentral,KL Sentral,294
2026-01-06,KL Sentral,KLCC,1819
2026-01-06,KL Sentral,Masjid Jamek,468
2026-01-06,KL Sentral,Pasar Seni,1063
2026-01-06,KLCC,Bukit Bintang,17
2026-01-06,KLCC,KL Sentral,1642
2026-01-06,KLCC,KLCC,186
2026-01-06,KLCC,Masjid Jamek,375
2026-01-06,KLCC,Pasar Seni,919
2026-01-06,Masjid Jamek,Bukit Bintang,18
2026-01-06,Masjid Jamek,KL Sentral,523
2026-01-06,Masjid Jamek,KLCC,509
2026-01-06,Masjid Jamek,Masjid Jamek,168
2026-01-06,Masjid Jamek,Pasar Seni,152
2026-01-06,Pasar Seni,Bukit Bintang,0
2026-01-06,Pasar Seni,KL Sentral,1002
2026-01-06,Pasar Seni,KLCC,823
2026-01-06,Pasar Seni,Masjid Jamek,127
2026-01-06,Pasar Seni,Pasar Seni,374
2026-01-07,Bukit Bintang,Bukit Bintang,278
2026-01-07,Bukit Bintang,KL Sentral,0
2026-01-07,Bukit Bintang,KLCC,16
2026-01-07,Bukit Bintang,Masjid Jamek,0
2026-01-07,Bukit Bintang,Pasar Seni,7
2026-01-07,KL Sentral,Bukit Bintang,0
2026-01-07,KL Sentral,KL Sentral,298
2026-01-07,KL Sentral,KLCC,1774
2026-01-07,KL Sentral,Masjid Jamek,501
2026-01-07,KL Sentral,Pasar Seni,957
2026-01-07,KLCC,Bukit Bintang,4
2026-01-07,KLCC,KL Sentral,1651
2026-01-07,KLCC,KLCC,199
2026-01-07,KLCC,Masjid Jamek,378
2026-01-07,KLCC,Pasar Seni,878
2026-01-07,Masjid Jamek,Bukit Bintang,15
2026-01-07,Masjid Jamek,KL Sentral,500
2026-01-07,Masjid Jamek,KLCC,483
2026-01-07,Masjid Jamek,Masjid Jamek,192
2026-01-07,Masjid Jamek,Pasar Seni,158
2026-01-07,Pasar Seni,Bukit Bintang,7
2026-01-07,Pasar Seni,KL Sentral,1048
2026-01-07,Pasar Seni,KLCC,841
2026-01-07,Pasar Seni,Masjid Jamek,132
2026-01-07,Pasar Seni,Pasar Seni,414
2026-01-08,Bukit Bintang,Bukit Bintang,229
2026-01-08,Bukit Bintang,KL Sentral,0
2026-01-08,Bukit Bintang,KLCC,0
2026-01-08,Bukit Bintang,Masjid Jamek,4
2026-01-08,Bukit Bintang,Pasar Seni,6
2026-01-08,KL Sentral,Bukit Bintang,2
2026-01-08,KL Sentral,KL Sentral,290
2026-01-08,KL Sentral,KLCC,1545
2026-01-08,KL Sentral,Masjid Jamek,479
2026-01-08,KL Sentral,Pasar Seni,1036
2026-01-08,KLCC,Bukit Bintang,7
2026-01-08,KLCC,KL Sentral,1422
2026-01-08,KLCC,KLCC,187
2026-01-08,KLCC,Masjid Jamek,337
2026-01-08,KLCC,Pasar Seni,773
2026-01-08,Masjid Jamek,Bukit Bintang,17
2026-01-08,Masjid Jamek,KL Sentral,549
2026-01-08,Masjid Jamek,KLCC,470
2026-01-08,Masjid Jamek,Masjid Jamek,205
2026-01-08,Masjid Jamek,Pasar Seni,167
2026-01-08,Pasar Seni,Bukit Bintang,5
2026-01-08,Pasar Seni,KL Sentral,1020
2026-01-08,Pasar Seni,KLCC,649
2026-01-08,Pasar Seni,Masjid Jamek,148
2026-01-08,Pasar Seni,Pasar Seni,353
2026-01-09,Bukit Bintang,Bukit Bintang,309
2026-01-09,Bukit Bintang,KL Sentral,0
2026-01-09,Bukit Bintang,KLCC,0
2026-01-09,Bukit Bintang,Masjid Jamek,4
2026-01-09,Bukit Bintang,Pasar Seni,6
2026-01-09,KL Sentral,Bukit Bintang,1
2026-01-09,KL Sentral,KL Sentral,274
2026-01-09,KL Sentral,KLCC,1752
2026-01-09,KL Sentral,Masjid Jamek,526
2026-01-09,KL Sentral,Pasar Seni,1187
2026-01-09,KLCC,Bukit Bintang,14
2026-01-09,KLCC,KL Sentral,1681
2026-01-09,KLCC,KLCC,218
2026-01-09,KLCC,Masjid Jamek,498
2026-01-09,KLCC,Pasar Seni,925
2026-01-09,Masjid Jamek,Bukit Bintang,17
2026-01-09,Masjid Jamek,KL Sentral,618
2026-01-09,Masjid Jamek,KLCC,598
2026-01-09,Masjid Jamek,Masjid Jamek,198
2026-01-09,Masjid Jamek,Pasar Seni,179
2026-01-09,Pasar Seni,Bukit Bintang,4
2026-01-09,Pasar Seni,KL Sentral,1201
2026-01-09,Pasar Seni,KLCC,869
2026-01-09,Pasar Seni,Masjid Jamek,147
2026-01-09,Pasar Seni,Pasar Seni,409
2026-01-10,Bukit Bintang,Bukit Bintang,342
2026-01-10,Bukit Bintang,KL Sentral,0
2026-01-10,Bukit Bintang,KLCC,6
2026-01-10,Bukit Bintang,Masjid Jamek,2
2026-01-10,Bukit Bintang,Pasar Seni,10
2026-01-10,KL Sentral,Bukit Bintang,0
2026-01-10,KL Sentral,KL Sentral,278
2026-01-10,KL Sentral,KLCC,1358
2026-01-10,KL Sentral,Masjid Jamek,284
2026-01-10,KL Sentral,Pasar Seni,1279
2026-01-10,KLCC,Bukit Bintang,15
2026-01-10,KLCC,KL Sentral,1220
2026-01-10,KLCC,KLCC,177
2026-01-10,KLCC,Masjid Jamek,233
2026-01-10,KLCC,Pasar Seni,1051
2026-01-10,Masjid Jamek,Bukit Bintang,18
2026-01-10,Masjid Jamek,KL Sentral,240
2026-01-10,Masjid Jamek,KLCC,231
2026-01-10,Masjid Jamek,Masjid Jamek,109
2026-01-10,Masjid Jamek,Pasar Seni,99
2026-01-10,Pasar Seni,Bukit Bintang,0
2026-01-10,Pasar Seni,KL Sentral,1348
2026-01-10,Pasar Seni,KLCC,954
2026-01-10,Pasar Seni,Masjid Jamek,88
2026-01-10,Pasar Seni,Pasar Seni,470
2026-01-11,Bukit Bintang,Bukit Bintang,384
2026-01-11,Bukit Bintang,KL Sentral,0
2026-01-11,Bukit Bintang,KLCC,5
2026-01-11,Bukit Bintang,Masjid Jamek,6
2026-01-11,Bukit Bintang,Pasar Seni,10
2026-01-11,KL Sentral,Bukit Bintang,1
2026-01-11,KL Sentral,KL Sentral,268
2026-01-11,KL Sentral,KLCC,1164
2026-01-11,KL Sentral,Masjid Jamek,303
2026-01-11,KL Sentral,Pasar Seni,1136
2026-01-11,KLCC,Bukit Bintang,11
2026-01-11,KLCC,KL Sentral,1044
2026-01-11,KLCC,KLCC,184
2026-01-11,KLCC,Masjid Jamek,366
2026-01-11,KLCC,Pasar Seni,905
2026-01-11,Masjid Jamek,Bukit Bintang,42
2026-01-11,Masjid Jamek,KL Sentral,294
2026-01-11,Masjid Jamek,KLCC,379
2026-01-11,Masjid Jamek,Masjid Jamek,143
2026-01-11,Masjid Jamek,Pasar Seni,96
2026-01-11,Pasar Seni,Bukit Bintang,0
2026-01-11,Pasar Seni,KL Sentral,1427
2026-01-11,Pasar Seni,KLCC,936
2026-01-11,Pasar Seni,Masjid Jamek,59
2026-01-11,Pasar Seni,Pasar Seni,537
2026-01-12,Bukit Bintang,Bukit Bintang,205
2026-01-12,Bukit Bintang,KL Sentral,1
2026-01-12,Bukit Bintang,KLCC,6
2026-01-12,Bukit Bintang,Masjid Jamek,0
2026-01-12,Bukit Bintang,Pasar Seni,0
2026-01-12,KL Sentral,Bukit Bintang,1
2026-01-12,KL Sentral,KL Sentral,224
2026-01-12,KL Sentral,KLCC,1578
2026-01-12,KL Sentral,Masjid Jamek,467
2026-01-12,KL Sentral,Pasar Seni,843
2026-01-12,KLCC,Bukit Bintang,4
2026-01-12,KLCC,KL Sentral,1381
2026-01-12,KLCC,KLCC,169
2026-01-12,KLCC,Masjid Jamek,333
2026-01-12,KLCC,Pasar Seni,627
2026-01-12,Masjid Jamek,Bukit Bintang,14
2026-01-12,Masjid Jamek,KL Sentral,536
2026-01-12,Masjid Jamek,KLCC,398
2026-01-12,Masjid Jamek,Masjid Jamek,177
2026-01-12,Masjid Jamek,Pasar Seni,124
2026-01-12,Pasar Seni,Bukit Bintang,0
2026-01-12,Pasar Seni,KL Sentral,875
2026-01-12,Pasar Seni,KLCC,559
2026-01-12,Pasar Seni,Masjid Jamek,111
2026-01-12,Pasar Seni,Pasar Seni,342
2026-01-13,Bukit Bintang,Bukit Bintang,271
2026-01-13,Bukit Bintang,KL Sentral,0
2026-01-13,Bukit Bintang,KLCC,1
2026-01-13,Bukit Bintang,Masjid Jamek,0
2026-01-13,Bukit Bintang,Pasar Seni,1
2026-01-13,KL Sentral,Bukit Bintang,1
2026-01-13,KL Sentral,KL Sentral,286
2026-01-13,KL Sentral,KLCC,1689
2026-01-13,KL Sentral,Masjid Jamek,471
2026-01-13,KL Sentral,Pasar Seni,1029
2026-01-13,KLCC,Bukit Bintang,5
2026-01-13,KLCC,KL Sentral,1543
2026-01-13,KLCC,KLCC,189
2026-01-13,KLCC,Masjid Jamek,374
2026-01-13,KLCC,Pasar Seni,779
2026-01-13,Masjid Jamek,Bukit Bintang,17
2026-01-13,Masjid Jamek,KL Sentral,555
2026-01-13,Masjid Jamek,KLCC,518
2026-01-13,Masjid Jamek,Masjid Jamek,184
2026-01-13,Masjid Jamek,Pasar Seni,125
2026-01-13,Pasar Seni,Bukit Bintang,2
2026-01-13,Pasar Seni,KL Sentral,926
2026-01-13,Pasar Seni,KLCC,688
2026-01-13,Pasar Seni,Masjid Jamek,114
2026-01-13,Pasar Seni,Pasar Seni,352
2026-01-14,Bukit Bintang,Bukit Bintang,264
2026-01-14,Bukit Bintang,KL Sentral,0
2026-01-14,Bukit Bintang,KLCC,0
2026-01-14,Bukit Bintang,Masjid Jamek,0
2026-01-14,Bukit Bintang,Pasar Seni,0
2026-01-14,KL Sentral,Bukit Bintang,0
2026-01-14,KL Sentral,KL Sentral,291
2026-01-14,KL Sentral,KLCC,1794
2026-01-14,KL Sentral,Masjid Jamek,514
2026-01-14,KL Sentral,Pasar Seni,1103
2026-01-14,KLCC,Bukit Bintang,12
2026-01-14,KLCC,KL Sentral,1611
2026-01-14,KLCC,KLCC,174
2026-01-14,KLCC,Masjid Jamek,403
2026-01-14,KLCC,Pasar Seni,822
2026-01-14,Masjid Jamek,Bukit Bintang,17
2026-01-14,Masjid Jamek,KL Sentral,575
2026-01-14,Masjid Jamek,KLCC,550
2026-01-14,Masjid Jamek,Masjid Jamek,197
2026-01-14,Masjid Jamek,Pasar Seni,125
2026-01-14,Pasar Seni,Bukit Bintang,0
2026-01-14,Pasar Seni,KL Sentral,1108
2026-01-14,Pasar Seni,KLCC,778
2026-01-14,Pasar Seni,Masjid Jamek,131
2026-01-14,Pasar Seni,Pasar Seni,362
2026-01-15,Bukit Bintang,Bukit Bintang,249
2026-01-15,Bukit Bintang,KL Sentral,0
2026-01-15,Bukit Bintang,KLCC,2
2026-01-15,Bukit Bintang,Masjid Jamek,3
2026-01-15,Bukit Bintang,Pasar Seni,0
2026-01-15,KL Sentral,Bukit Bintang,2
2026-01-15,KL Sentral,KL Sentral,279
2026-01-15,KL Sentral,KLCC,1756
2026-01-15,KL Sentral,Masjid Jamek,524
2026-01-15,KL Sentral,Pasar Seni,1059
2026-01-15,KLCC,Bukit Bintang,3
2026-01-15,KLCC,KL Sentral,1674
2026-01-15,KLCC,KLCC,216
2026-01-15,KLCC,Masjid Jamek,414
2026-01-15,KLCC,Pasar Seni,820
2026-01-15,Masjid Jamek,Bukit Bintang,20
2026-01-15,Masjid Jamek,KL Sentral,543
2026-01-15,Masjid Jamek,KLCC,461
2026-01-15,Masjid Jamek,Masjid Jamek,186
2026-01-15,Masjid Jamek,Pasar Seni,150
2026-01-15,Pasar Seni,Bukit Bintang,1
2026-01-15,Pasar Seni,KL Sentral,1059
2026-01-15,Pasar Seni,KLCC,710
2026-01-15,Pasar Seni,Masjid Jamek,135
2026-01-15,Pasar Seni,Pasar Seni,335
2026-01-16,Bukit Bintang,Bukit Bintang,270
2026-01-16,Bukit Bintang,KL Sentral,1
2026-01-16,Bukit Bintang,KLCC,8
2026-01-16,Bukit Bintang,Masjid Jamek,0
2026-01-16,Bukit Bintang,Pasar Seni,4
2026-01-16,KL Sentral,Bukit Bintang,4
2026-01-16,KL Sentral,KL Sentral,297
2026-01-16,KL Sentral,KLCC,2018
2026-01-16,KL Sentral,Masjid Jamek,643
2026-01-16,KL Sentral,Pasar Seni,1313
2026-01-16,KLCC,Bukit Bintang,8
2026-01-16,KLCC,KL Sentral,1808
2026-01-16,KLCC,KLCC,263
2026-01-16,KLCC,Masjid Jamek,541
2026-01-16,KLCC,Pasar Seni,1065
2026-01-16,Masjid Jamek,Bukit Bintang,29
2026-01-16,Masjid Jamek,KL Sentral,667
2026-01-16,Masjid Jamek,KLCC,682
2026-01-16,Masjid Jamek,Masjid Jamek,198
2026-01-16,Masjid Jamek,Pasar Seni,155
2026-01-16,Pasar Seni,Bukit Bintang,1
2026-01-16,Pasar Seni,KL Sentral,1308
2026-01-16,Pasar Seni,KLCC,989
2026-01-16,Pasar Seni,Masjid Jamek,146
2026-01-16,Pasar Seni,Pasar Seni,451
2026-01-17,Bukit Bintang,Bukit Bintang,365
2026-01-17,Bukit Bintang,KL Sentral,0
2026-01-17,Bukit Bintang,KLCC,10
2026-01-17,Bukit Bintang,Masjid Jamek,2
2026-01-17,Bukit Bintang,Pasar Seni,8
2026-01-17,KL Sentral,Bukit Bintang,0
2026-01-17,KL Sentral,KL Sentral,225
2026-01-17,KL Sentral,KLCC,1640
2026-01-17,KL Sentral,Masjid Jamek,316
2026-01-17,KL Sentral,Pasar Seni,1329
2026-01-17,KLCC,Bukit Bintang,12
2026-01-17,KLCC,KL Sentral,1365
2026-01-17,KLCC,KLCC,244
2026-01-17,KLCC,Masjid Jamek,262
2026-01-17,KLCC,Pasar Seni,1231
2026-01-17,Masjid Jamek,Bukit Bintang,17
2026-01-17,Masjid Jamek,KL Sentral,317
2026-01-17,Masjid Jamek,KLCC,298
2026-01-17,Masjid Jamek,Masjid Jamek,111
2026-01-17,Masjid Jamek,Pasar Seni,86
2026-01-17,Pasar Seni,Bukit Bintang,3
2026-01-17,Pasar Seni,KL Sentral,1357
2026-01-17,Pasar Seni,KLCC,1162
2026-01-17,Pasar Seni,Masjid Jamek,98
2026-01-17,Pasar Seni,Pasar Seni,478
2026-01-18,Bukit Bintang,Bukit Bintang,357
2026-01-18,Bukit Bintang,KL Sentral,0
2026-01-18,Bukit Bintang,KLCC,11
2026-01-18,Bukit Bintang,Masjid Jamek,2
2026-01-18,Bukit Bintang,Pasar Seni,3
2026-01-18,KL Sentral,Bukit Bintang,1
2026-01-18,KL Sentral,KL Sentral,269
2026-01-18,KL Sentral,KLCC,1252
2026-01-18,KL Sentral,Masjid Jamek,296
2026-01-18,KL Sentral,Pasar Seni,1341
2026-01-18,KLCC,Bukit Bintang,22
2026-01-18,KLCC,KL Sentral,1187
2026-01-18,KLCC,KLCC,220
2026-01-18,KLCC,Masjid Jamek,362
2026-01-18,KLCC,Pasar Seni,983
2026-01-18,Masjid Jamek,Bukit Bintang,38
2026-01-18,Masjid Jamek,KL Sentral,303
2026-01-18,Masjid Jamek,KLCC,401
2026-01-18,Masjid Jamek,Masjid Jamek,153
2026-01-18,Masjid Jamek,Pasar Seni,102
2026-01-18,Pasar Seni,Bukit Bintang,8
2026-01-18,Pasar Seni,KL Sentral,1564
2026-01-18,Pasar Seni,KLCC,1038
2026-01-18,Pasar Seni,Masjid Jamek,91
2026-01-18,Pasar Seni,Pasar Seni,473
2026-01-19,Bukit Bintang,Bukit Bintang,290
2026-01-19,Bukit Bintang,KL Sentral,0
2026-01-19,Bukit Bintang,KLCC,5
2026-01-19,Bukit Bintang,Masjid Jamek,2
2026-01-19,Bukit Bintang,Pasar Seni,5
2026-01-19,KL Sentral,Bukit Bintang,1
2026-01-19,KL Sentral,KL Sentral,300
2026-01-19,KL Sentral,KLCC,1867
2026-01-19,KL Sentral,Masjid Jamek,476
2026-01-19,KL Sentral,Pasar Seni,1058
2026-01-19,KLCC,Bukit Bintang,5
2026-01-19,KLCC,KL Sentral,1645
2026-01-19,KLCC,KLCC,197
2026-01-19,KLCC,Masjid Jamek,404
2026-01-19,KLCC,Pasar Seni,812
2026-01-19,Masjid Jamek,Bukit Bintang,18
2026-01-19,Masjid Jamek,KL Sentral,533
2026-01-19,Masjid Jamek,KLCC,445
2026-01-19,Masjid Jamek,Masjid Jamek,197
2026-01-19,Masjid Jamek,Pasar Seni,134
2026-01-19,Pasar Seni,Bukit Bintang,4
2026-01-19,Pasar Seni,KL Sentral,1023
2026-01-19,Pasar Seni,KLCC,765
2026-01-19,Pasar Seni,Masjid Jamek,102
2026-01-19,Pasar Seni,Pasar Seni,373
2026-01-20,Bukit Bintang,Bukit Bintang,250
2026-01-20,Bukit Bintang,KL Sentral,0
2026-01-20,Bukit Bintang,KLCC,9
2026-01-20,Bukit Bintang,Masjid Jamek,0
2026-01-20,Bukit Bintang,Pasar Seni,12
2026-01-20,KL Sentral,Bukit Bintang,1
2026-01-20,KL Sentral,KL Sentral,364
2026-01-20,KL Sentral,KLCC,1780
2026-01-20,KL Sentral,Masjid Jamek,489
2026-01-20,KL Sentral,Pasar Seni,997
2026-01-20,KLCC,Bukit Bintang,1
2026-01-20,KLCC,KL Sentral,1539
2026-01-20,KLCC,KLCC,205
2026-01-20,KLCC,Masjid Jamek,398
2026-01-20,KLCC,Pasar Seni,946
2026-01-20,Masjid Jamek,Bukit Bintang,22
2026-01-20,Masjid Jamek,KL Sentral,579
2026-01-20,Masjid Jamek,KLCC,515
2026-01-20,Masjid Jamek,Masjid Jamek,209
2026-01-20,Masjid Jamek,Pasar Seni,153
2026-01-20,Pasar Seni,Bukit Bintang,0
2026-01-20,Pasar Seni,KL Sentral,1026
2026-01-20,Pasar Seni,KLCC,830
2026-01-20,Pasar Seni,Masjid Jamek,125
2026-01-20,Pasar Seni,Pasar Seni,378
2026-01-21,Bukit Bintang,Bukit Bintang,294
2026-01-21,Bukit Bintang,KL Sentral,0
2026-01-21,Bukit Bintang,KLCC,2
2026-01-21,Bukit Bintang,Masjid Jamek,7
2026-01-21,Bukit Bintang,Pasar Seni,1
2026-01-21,KL Sentral,Bukit Bintang,0
2026-01-21,KL Sentral,KL Sentral,306
2026-01-21,KL Sentral,KLCC,1783
2026-01-21,KL Sentral,Masjid Jamek,490
2026-01-21,KL Sentral,Pasar Seni,971
2026-01-21,KLCC,Bukit Bintang,10
2026-01-21,KLCC,KL Sentral,1660
2026-01-21,KLCC,KLCC,201
2026-01-21,KLCC,Masjid Jamek,395
2026-01-21,KLCC,Pasar Seni,833
2026-01-21,Masjid Jamek,Bukit Bintang,16
2026-01-21,Masjid Jamek,KL Sentral,584
2026-01-21,Masjid Jamek,KLCC,505
2026-01-21,Masjid Jamek,Masjid Jamek,208
2026-01-21,Masjid Jamek,Pasar Seni,145
2026-01-21,Pasar Seni,Bukit Bintang,0
2026-01-21,Pasar Seni,KL Sentral,990
2026-01-21,Pasar Seni,KLCC,769
2026-01-21,Pasar Seni,Masjid Jamek,115
2026-01-21,Pasar Seni,Pasar Seni,371
2026-01-22,Bukit Bintang,Bukit Bintang,262
2026-01-22,Bukit Bintang,KL Sentral,1
2026-01-22,Bukit Bintang,KLCC,2
2026-01-22,Bukit Bintang,Masjid Jamek,1
2026-01-22,Bukit Bintang,Pasar Seni,4
2026-01-22,KL Sentral,Bukit Bintang,6
2026-01-22,KL Sentral,KL Sentral,274
2026-01-22,KL Sentral,KLCC,1788
2026-01-22,KL Sentral,Masjid Jamek,507
2026-01-22,KL Sentral,Pasar Seni,1009
2026-01-22,KLCC,Bukit Bintang,4
2026-01-22,KLCC,KL Sentral,1688
2026-01-22,KLCC,KLCC,211
2026-01-22,KLCC,Masjid Jamek,393
2026-01-22,KLCC,Pasar Seni,890
2026-01-22,Masjid Jamek,Bukit Bintang,11
2026-01-22,Masjid Jamek,KL Sentral,573
2026-01-22,Masjid Jamek,KLCC,518
2026-01-22,Masjid Jamek,Masjid Jamek,208
2026-01-22,Masjid Jamek,Pasar Seni,181
2026-01-22,Pasar Seni,Bukit Bintang,0
2026-01-22,Pasar Seni,KL Sentral,1043
2026-01-22,Pasar Seni,KLCC,823
2026-01-22,Pasar Seni,Masjid Jamek,147
2026-01-22,Pasar Seni,Pasar Seni,356
2026-01-23,Bukit Bintang,Bukit Bintang,312
2026-01-23,Bukit Bintang,KL Sentral,1
2026-01-23,Bukit Bintang,KLCC,8
2026-01-23,Bukit Bintang,Masjid Jamek,4
2026-01-23,Bukit Bintang,Pasar Seni,7
2026-01-23,KL Sentral,Bukit Bintang,0
2026-01-23,KL Sentral,KL Sentral,345
2026-01-23,KL Sentral,KLCC,1884
2026-01-23,KL Sentral,Masjid Jamek,515
2026-01-23,KL Sentral,Pasar Seni,1275
2026-01-23,KLCC,Bukit Bintang,17
2026-01-23,KLCC,KL Sentral,1709
2026-01-23,KLCC,KLCC,229
2026-01-23,KLCC,Masjid Jamek,555
2026-01-23,KLCC,Pasar Seni,863
2026-01-23,Masjid Jamek,Bukit Bintang,6
2026-01-23,Masjid Jamek,KL Sentral,653
2026-01-23,Masjid Jamek,KLCC,593
2026-01-23,Masjid Jamek,Masjid Jamek,195
2026-01-23,Masjid Jamek,Pasar Seni,152
2026-01-23,Pasar Seni,Bukit Bintang,2
2026-01-23,Pasar Seni,KL Sentral,1217
2026-01-23,Pasar Seni,KLCC,936
2026-01-23,Pasar Seni,Masjid Jamek,146
2026-01-23,Pasar Seni,Pasar Seni,411
2026-01-24,Bukit Bintang,Bukit Bintang,318
2026-01-24,Bukit Bintang,KL Sentral,1
2026-01-24,Bukit Bintang,KLCC,10
2026-01-24,Bukit Bintang,Masjid Jamek,1
2026-01-24,Bukit Bintang,Pasar Seni,16
2026-01-24,KL Sentral,Bukit Bintang,2
2026-01-24,KL Sentral,KL Sentral,311
2026-01-24,KL Sentral,KLCC,1624
2026-01-24,KL Sentral,Masjid Jamek,280
2026-01-24,KL Sentral,Pasar Seni,1291
2026-01-24,KLCC,Bukit Bintang,10
2026-01-24,KLCC,KL Sentral,1446
2026-01-24,KLCC,KLCC,180
2026-01-24,KLCC,Masjid Jamek,287
2026-01-24,KLCC,Pasar Seni,1149
2026-01-24,Masjid Jamek,Bukit Bintang,20
2026-01-24,Masjid Jamek,KL Sentral,278
2026-01-24,Masjid Jamek,KLCC,274
2026-01-24,Masjid Jamek,Masjid Jamek,110
2026-01-24,Masjid Jamek,Pasar Seni,99
2026-01-24,Pasar Seni,Bukit Bintang,3
2026-01-24,Pasar Seni,KL Sentral,1168
2026-01-24,Pasar Seni,KLCC,1185
2026-01-24,Pasar Seni,Masjid Jamek,89
2026-01-24,Pasar Seni,Pasar Seni,447
2026-01-25,Bukit Bintang,Bukit Bintang,363
2026-01-25,Bukit Bintang,KL Sentral,1
2026-01-25,Bukit Bintang,KLCC,4
2026-01-25,Bukit Bintang,Masjid Jamek,5
2026-01-25,Bukit Bintang,Pasar Seni,15
2026-01-25,KL Sentral,Bukit Bintang,2
2026-01-25,KL Sentral,KL Sentral,284
2026-01-25,KL Sentral,KLCC,1367
2026-01-25,KL Sentral,Masjid Jamek,298
2026-01-25,KL Sentral,Pasar Seni,1347
2026-01-25,KLCC,Bukit Bintang,7
2026-01-25,KLCC,KL Sentral,1176
2026-01-25,KLCC,KLCC,207
2026-01-25,KLCC,Masjid Jamek,390
2026-01-25,KLCC,Pasar Seni,1000
2026-01-25,Masjid Jamek,Bukit Bintang,18
2026-01-25,Masjid Jamek,KL Sentral,342
2026-01-25,Masjid Jamek,KLCC,365
2026-01-25,Masjid Jamek,Masjid Jamek,148
2026-01-25,Masjid Jamek,Pasar Seni,99
2026-01-25,Pasar Seni,Bukit Bintang,4
2026-01-25,Pasar Seni,KL Sentral,1338
2026-01-25,Pasar Seni,KLCC,1062
2026-01-25,Pasar Seni,Masjid Jamek,102
2026-01-25,Pasar Seni,Pasar Seni,451
2026-01-26,Bukit Bintang,Bukit Bintang,224
2026-01-26,Bukit Bintang,KL Sentral,0
2026-01-26,Bukit Bintang,KLCC,4
2026-01-26,Bukit Bintang,Masjid Jamek,6
2026-01-26,Bukit Bintang,Pasar Seni,6
2026-01-26,KL Sentral,Bukit Bintang,1
2026-01-26,KL Sentral,KL Sentral,373
2026-01-26,KL Sentral,KLCC,1892
2026-01-26,KL Sentral,Masjid Jamek,504
2026-01-26,KL Sentral,Pasar Seni,1061
2026-01-26,KLCC,Bukit Bintang,13
2026-01-26,KLCC,KL Sentral,1661
2026-01-26,KLCC,KLCC,187
2026-01-26,KLCC,Masjid Jamek,348
2026-01-26,KLCC,Pasar Seni,757
2026-01-26,Masjid Jamek,Bukit Bintang,24
2026-01-26,Masjid Jamek,KL Sentral,583
2026-01-26,Masjid Jamek,KLCC,509
2026-01-26,Masjid Jamek,Masjid Jamek,204
2026-01-26,Masjid Jamek,Pasar Seni,143
2026-01-26,Pasar Seni,Bukit Bintang,2
2026-01-26,Pasar Seni,KL Sentral,1083
2026-01-26,Pasar Seni,KLCC,830
2026-01-26,Pasar Seni,Masjid Jamek,130
2026-01-26,Pasar Seni,Pasar Seni,362
2026-01-27,Bukit Bintang,Bukit Bintang,238
2026-01-27,Bukit Bintang,KL Sentral,0
2026-01-27,Bukit Bintang,KLCC,4
2026-01-27,Bukit Bintang,Masjid Jamek,2
2026-01-27,Bukit Bintang,Pasar Seni,5
2026-01-27,KL Sentral,Bukit Bintang,2
2026-01-27,KL Sentral,KL Sentral,292
2026-01-27,KL Sentral,KLCC,1877
2026-01-27,KL Sentral,Masjid Jamek,497
2026-01-27,KL Sentral,Pasar Seni,975
2026-01-27,KLCC,Bukit Bintang,2
2026-01-27,KLCC,KL Sentral,1698
2026-01-27,KLCC,KLCC,178
2026-01-27,KLCC,Masjid Jamek,391
2026-01-27,KLCC,Pasar Seni,915
2026-01-27,Masjid Jamek,Bukit Bintang,25
2026-01-27,Masjid Jamek,KL Sentral,591
2026-01-27,Masjid Jamek,KLCC,526
2026-01-27,Masjid Jamek,Masjid Jamek,180
2026-01-27,Masjid Jamek,Pasar Seni,146
2026-01-27,Pasar Seni,Bukit Bintang,1
2026-01-27,Pasar Seni,KL Sentral,1023
2026-01-27,Pasar Seni,KLCC,767
2026-01-27,Pasar Seni,Masjid Jamek,101
2026-01-27,Pasar Seni,Pasar Seni,368
2026-01-28,Bukit Bintang,Bukit Bintang,289
2026-01-28,Bukit Bintang,KL Sentral,0
2026-01-28,Bukit Bintang,KLCC,6
2026-01-28,Bukit Bintang,Masjid Jamek,0
2026-01-28,Bukit Bintang,Pasar Seni,4
2026-01-28,KL Sentral,Bukit Bintang,2
2026-01-28,KL Sentral,KL Sentral,302
2026-01-28,KL Sentral,KLCC,1841
2026-01-28,KL Sentral,Masjid Jamek,529
2026-01-28,KL Sentral,Pasar Seni,969
2026-01-28,KLCC,Bukit Bintang,4
2026-01-28,KLCC,KL Sentral,1645
2026-01-28,KLCC,KLCC,211
2026-01-28,KLCC,Masjid Jamek,364
2026-01-28,KLCC,Pasar Seni,867
2026-01-28,Masjid Jamek,Bukit Bintang,17
2026-01-28,Masjid Jamek,KL Sentral,598
2026-01-28,Masjid Jamek,KLCC,512
2026-01-28,Masjid Jamek,Masjid Jamek,186
2026-01-28,Masjid Jamek,Pasar Seni,134
2026-01-28,Pasar Seni,Bukit Bintang,1
2026-01-28,Pasar Seni,KL Sentral,1012
2026-01-28,Pasar Seni,KLCC,873
2026-01-28,Pasar Seni,Masjid Jamek,113
2026-01-28,Pasar Seni,Pasar Seni,366
2026-01-29,Bukit Bintang,Bukit Bintang,298
2026-01-29,Bukit Bintang,KL Sentral,0
2026-01-29,Bukit Bintang,KLCC,10
2026-01-29,Bukit Bintang,Masjid Jamek,1
2026-01-29,Bukit Bintang,Pasar Seni,6
2026-01-29,KL Sentral,Bukit Bintang,2
2026-01-29,KL Sentral,KL Sentral,308
2026-01-29,KL Sentral,KLCC,1833
2026-01-29,KL Sentral,Masjid Jamek,494
2026-01-29,KL Sentral,Pasar Seni,1022
2026-01-29,KLCC,Bukit Bintang,2
2026-01-29,KLCC,KL Sentral,1648
2026-01-29,KLCC,KLCC,216
2026-01-29,KLCC,Masjid Jamek,390
2026-01-29,KLCC,Pasar Seni,870
2026-01-29,Masjid Jamek,Bukit Bintang,31
2026-01-29,Masjid Jamek,KL Sentral,588
2026-01-29,Masjid Jamek,KLCC,520
2026-01-29,Masjid Jamek,Masjid Jamek,182
2026-01-29,Masjid Jamek,Pasar Seni,159
2026-01-29,Pasar Seni,Bukit Bintang,0
2026-01-29,Pasar Seni,KL Sentral,1012
2026-01-29,Pasar Seni,KLCC,830
2026-01-29,Pasar Seni,Masjid Jamek,126
2026-01-29,Pasar Seni,Pasar Seni,403
2026-01-30,Bukit Bintang,Bukit Bintang,377
2026-01-30,Bukit Bintang,KL Sentral,1
2026-01-30,Bukit Bintang,KLCC,7
2026-01-30,Bukit Bintang,Masjid Jamek,3
2026-01-30,Bukit Bintang,Pasar Seni,18
2026-01-30,KL Sentral,Bukit Bintang,0
2026-01-30,KL Sentral,KL Sentral,417
2026-01-30,KL Sentral,KLCC,2135
2026-01-30,KL Sentral,Masjid Jamek,849
2026-01-30,KL Sentral,Pasar Seni,2942
2026-01-30,KLCC,Bukit Bintang,15
2026-01-30,KLCC,KL Sentral,1895
2026-01-30,KLCC,KLCC,237
2026-01-30,KLCC,Masjid Jamek,581
2026-01-30,KLCC,Pasar Seni,1198
2026-01-30,Masjid Jamek,Bukit Bintang,18
2026-01-30,Masjid Jamek,KL Sentral,759
2026-01-30,Masjid Jamek,KLCC,734
2026-01-30,Masjid Jamek,Masjid Jamek,294
2026-01-30,Masjid Jamek,Pasar Seni,225
2026-01-30,Pasar Seni,Bukit Bintang,0
2026-01-30,Pasar Seni,KL Sentral,1706
2026-01-30,Pasar Seni,KLCC,1232
2026-01-30,Pasar Seni,Masjid Jamek,225
2026-01-30,Pasar Seni,Pasar Seni,661
2026-01-31,Bukit Bintang,Bukit Bintang,442
2026-01-31,Bukit Bintang,KL Sentral,0
2026-01-31,Bukit Bintang,KLCC,12
2026-01-31,Bukit Bintang,Masjid Jamek,4
2026-01-31,Bukit Bintang,Pasar Seni,5
2026-01-31,KL Sentral,Bukit Bintang,0
2026-01-31,KL Sentral,KL Sentral,346
2026-01-31,KL Sentral,KLCC,1781
2026-01-31,KL Sentral,Masjid Jamek,340
2026-01-31,KL Sentral,Pasar Seni,1799
2026-01-31,KLCC,Bukit Bintang,17
2026-01-31,KLCC,KL Sentral,1596
2026-01-31,KLCC,KLCC,188
2026-01-31,KLCC,Masjid Jamek,314
2026-01-31,KLCC,Pasar Seni,1365
2026-01-31,Masjid Jamek,Bukit Bintang,31
2026-01-31,Masjid Jamek,KL Sentral,352
2026-01-31,Masjid Jamek,KLCC,310
2026-01-31,Masjid Jamek,Masjid Jamek,131
2026-01-31,Masjid Jamek,Pasar Seni,95
2026-01-31,Pasar Seni,Bukit Bintang,3
2026-01-31,Pasar Seni,KL Sentral,1651
2026-01-31,Pasar Seni,KLCC,1336
2026-01-31,Pasar Seni,Masjid Jamek,92
2026-01-31,Pasar Seni,Pasar Seni,615
2026-02-01,Bukit Bintang,Bukit Bintang,463
2026-02-01,Bukit Bintang,KL Sentral,1
2026-02-01,Bukit Bintang,KLCC,13
2026-02-01,Bukit Bintang,Masjid Jamek,2
2026-02-01,Bukit Bintang,Pasar Seni,19
2026-02-01,KL Sentral,Bukit Bintang,2
2026-02-01,KL Sentral,KL Sentral,286
2026-02-01,KL Sentral,KLCC,1719
2026-02-01,KL Sentral,Masjid Jamek,413
2026-02-01,KL Sentral,Pasar Seni,1776
2026-02-01,KLCC,Bukit Bintang,26
2026-02-01,KLCC,KL Sentral,1735
2026-02-01,KLCC,KLCC,217
2026-02-01,KLCC,Masjid Jamek,448
2026-02-01,KLCC,Pasar Seni,1397
2026-02-01,Masjid Jamek,Bukit Bintang,37
2026-02-01,Masjid Jamek,KL Sentral,415
2026-02-01,Masjid Jamek,KLCC,402
2026-02-01,Masjid Jamek,Masjid Jamek,190
2026-02-01,Masjid Jamek,Pasar Seni,137
2026-02-01,Pasar Seni,Bukit Bintang,1
2026-02-01,Pasar Seni,KL Sentral,2157
2026-02-01,Pasar Seni,KLCC,1381
2026-02-01,Pasar Seni,Masjid Jamek,152
2026-02-01,Pasar Seni,Pasar Seni,699
2026-02-02,Bukit Bintang,Bukit Bintang,316
2026-02-02,Bukit Bintang,KL Sentral,0
2026-02-02,Bukit Bintang,KLCC,7
2026-02-02,Bukit Bintang,Masjid Jamek,2
2026-02-02,Bukit Bintang,Pasar Seni,4
2026-02-02,KL Sentral,Bukit Bintang,5
2026-02-02,KL Sentral,KL Sentral,262
2026-02-02,KL Sentral,KLCC,1217
2026-02-02,KL Sentral,Masjid Jamek,282
2026-02-02,KL Sentral,Pasar Seni,1141
2026-02-02,KLCC,Bukit Bintang,16
2026-02-02,KLCC,KL Sentral,1111
2026-02-02,KLCC,KLCC,157
2026-02-02,KLCC,Masjid Jamek,315
2026-02-02,KLCC,Pasar Seni,836
2026-02-02,Masjid Jamek,Bukit Bintang,29
2026-02-02,Masjid Jamek,KL Sentral,278
2026-02-02,Masjid Jamek,KLCC,260
2026-02-02,Masjid Jamek,Masjid Jamek,140
2026-02-02,Masjid Jamek,Pasar Seni,95
2026-02-02,Pasar Seni,Bukit Bintang,1
2026-02-02,Pasar Seni,KL Sentral,1247
2026-02-02,Pasar Seni,KLCC,838
2026-02-02,Pasar Seni,Masjid Jamek,85
2026-02-02,Pasar Seni,Pasar Seni,437
2026-02-03,Bukit Bintang,Bukit Bintang,244
2026-02-03,Bukit Bintang,KL Sentral,0
2026-02-03,Bukit Bintang,KLCC,9
2026-02-03,Bukit Bintang,Masjid Jamek,0
2026-02-03,Bukit Bintang,Pasar Seni,2
2026-02-03,KL Sentral,Bukit Bintang,4
2026-02-03,KL Sentral,KL Sentral,208
2026-02-03,KL Sentral,KLCC,1092
2026-02-03,KL Sentral,Masjid Jamek,284
2026-02-03,KL Sentral,Pasar Seni,857
2026-02-03,KLCC,Bukit Bintang,11
2026-02-03,KLCC,KL Sentral,912
2026-02-03,KLCC,KLCC,152
2026-02-03,KLCC,Masjid Jamek,236
2026-02-03,KLCC,Pasar Seni,572
2026-02-03,Masjid Jamek,Bukit Bintang,24
2026-02-03,Masjid Jamek,KL Sentral,281
2026-02-03,Masjid Jamek,KLCC,263
2026-02-03,Masjid Jamek,Masjid Jamek,161
2026-02-03,Masjid Jamek,Pasar Seni,105
2026-02-03,Pasar Seni,Bukit Bintang,1
2026-02-03,Pasar Seni,KL Sentral,875
2026-02-03,Pasar Seni,KLCC,527
2026-02-03,Pasar Seni,Masjid Jamek,85
2026-02-03,Pasar Seni,Pasar Seni,350
2026-02-04,Bukit Bintang,Bukit Bintang,284
2026-02-04,Bukit Bintang,KL Sentral,1
2026-02-04,Bukit Bintang,KLCC,1
2026-02-04,Bukit Bintang,Masjid Jamek,0
2026-02-04,Bukit Bintang,Pasar Seni,5
2026-02-04,KL Sentral,Bukit Bintang,9
2026-02-04,KL Sentral,KL Sentral,298
2026-02-04,KL Sentral,KLCC,1855
2026-02-04,KL Sentral,Masjid Jamek,511
2026-02-04,KL Sentral,Pasar Seni,1111
2026-02-04,KLCC,Bukit Bintang,12
2026-02-04,KLCC,KL Sentral,1656
2026-02-04,KLCC,KLCC,201
2026-02-04,KLCC,Masjid Jamek,383
2026-02-04,KLCC,Pasar Seni,810
2026-02-04,Masjid Jamek,Bukit Bintang,22
2026-02-04,Masjid Jamek,KL Sentral,584
2026-02-04,Masjid Jamek,KLCC,470
2026-02-04,Masjid Jamek,Masjid Jamek,203
2026-02-04,Masjid Jamek,Pasar Seni,147
2026-02-04,Pasar Seni,Bukit Bintang,2
2026-02-04,Pasar Seni,KL Sentral,1049
2026-02-04,Pasar Seni,KLCC,828
2026-02-04,Pasar Seni,Masjid Jamek,144
2026-02-04,Pasar Seni,Pasar Seni,398
2026-02-05,Bukit Bintang,Bukit Bintang,332
2026-02-05,Bukit Bintang,KL Sentral,2
2026-02-05,Bukit Bintang,KLCC,6
2026-02-05,Bukit Bintang,Masjid Jamek,4
2026-02-05,Bukit Bintang,Pasar Seni,0
2026-02-05,KL Sentral,Bukit Bintang,0
2026-02-05,KL Sentral,KL Sentral,324
2026-02-05,KL Sentral,KLCC,1989
2026-02-05,KL Sentral,Masjid Jamek,507
2026-02-05,KL Sentral,Pasar Seni,1144
2026-02-05,KLCC,Bukit Bintang,10
2026-02-05,KLCC,KL Sentral,1952
2026-02-05,KLCC,KLCC,353
2026-02-05,KLCC,Masjid Jamek,458
2026-02-05,KLCC,Pasar Seni,915
2026-02-05,Masjid Jamek,Bukit Bintang,21
2026-02-05,Masjid Jamek,KL Sentral,595
2026-02-05,Masjid Jamek,KLCC,520
2026-02-05,Masjid Jamek,Masjid Jamek,198
2026-02-05,Masjid Jamek,Pasar Seni,161
2026-02-05,Pasar Seni,Bukit Bintang,0
2026-02-05,Pasar Seni,KL Sentral,1098
2026-02-05,Pasar Seni,KLCC,996
2026-02-05,Pasar Seni,Masjid Jamek,127
2026-02-05,Pasar Seni,Pasar Seni,420
2026-02-06,Bukit Bintang,Bukit Bintang,384
2026-02-06,Bukit Bintang,KL Sentral,3
2026-02-06,Bukit Bintang,KLCC,5
2026-02-06,Bukit Bintang,Masjid Jamek,2
2026-02-06,Bukit Bintang,Pasar Seni,6
2026-02-06,KL Sentral,Bukit Bintang,1
2026-02-06,KL Sentral,KL Sentral,344
2026-02-06,KL Sentral,KLCC,1950
2026-02-06,KL Sentral,Masjid Jamek,519
2026-02-06,KL Sentral,Pasar Seni,1309
2026-02-06,KLCC,Bukit Bintang,11
2026-02-06,KLCC,KL Sentral,1886
2026-02-06,KLCC,KLCC,260
2026-02-06,KLCC,Masjid Jamek,573
2026-02-06,KLCC,Pasar Seni,1112
2026-02-06,Masjid Jamek,Bukit Bintang,28
2026-02-06,Masjid Jamek,KL Sentral,638
2026-02-06,Masjid Jamek,KLCC,639
2026-02-06,Masjid Jamek,Masjid Jamek,194
2026-02-06,Masjid Jamek,Pasar Seni,150
2026-02-06,Pasar Seni,Bukit Bintang,2
2026-02-06,Pasar Seni,KL Sentral,1313
2026-02-06,Pasar Seni,KLCC,1072
2026-02-06,Pasar Seni,Masjid Jamek,190
2026-02-06,Pasar Seni,Pasar Seni,520
2026-02-07,Bukit Bintang,Bukit Bintang,516
2026-02-07,Bukit Bintang,KL Sentral,0
2026-02-07,Bukit Bintang,KLCC,20
2026-02-07,Bukit Bintang,Masjid Jamek,3
2026-02-07,Bukit Bintang,Pasar Seni,4
2026-02-07,KL Sentral,Bukit Bintang,9
2026-02-07,KL Sentral,KL Sentral,314
2026-02-07,KL Sentral,KLCC,2352
2026-02-07,KL Sentral,Masjid Jamek,328
2026-02-07,KL Sentral,Pasar Seni,1595
2026-02-07,KLCC,Bukit Bintang,17
2026-02-07,KLCC,KL Sentral,2318
2026-02-07,KLCC,KLCC,354
2026-02-07,KLCC,Masjid Jamek,404
2026-02-07,KLCC,Pasar Seni,1478
2026-02-07,Masjid Jamek,Bukit Bintang,22
2026-02-07,Masjid Jamek,KL Sentral,307
2026-02-07,Masjid Jamek,KLCC,356
2026-02-07,Masjid Jamek,Masjid Jamek,175
2026-02-07,Masjid Jamek,Pasar Seni,147
2026-02-07,Pasar Seni,Bukit Bintang,9
2026-02-07,Pasar Seni,KL Sentral,1443
2026-02-07,Pasar Seni,KLCC,1627
2026-02-07,Pasar Seni,Masjid Jamek,103
2026-02-07,Pasar Seni,Pasar Seni,532
2026-02-08,Bukit Bintang,Bukit Bintang,426
2026-02-08,Bukit Bintang,KL Sentral,5
2026-02-08,Bukit Bintang,KLCC,7
2026-02-08,Bukit Bintang,Masjid Jamek,6
2026-02-08,Bukit Bintang,Pasar Seni,9
2026-02-08,KL Sentral,Bukit Bintang,5
2026-02-08,KL Sentral,KL Sentral,278
2026-02-08,KL Sentral,KLCC,1493
2026-02-08,KL Sentral,Masjid Jamek,330
2026-02-08,KL Sentral,Pasar Seni,1551
2026-02-08,KLCC,Bukit Bintang,3
2026-02-08,KLCC,KL Sentral,1462
2026-02-08,KLCC,KLCC,214
2026-02-08,KLCC,Masjid Jamek,449
2026-02-08,KLCC,Pasar Seni,1221
2026-02-08,Masjid Jamek,Bukit Bintang,39
2026-02-08,Masjid Jamek,KL Sentral,304
2026-02-08,Masjid Jamek,KLCC,457
2026-02-08,Masjid Jamek,Masjid Jamek,157
2026-02-08,Masjid Jamek,Pasar Seni,152
2026-02-08,Pasar Seni,Bukit Bintang,8
2026-02-08,Pasar Seni,KL Sentral,1749
2026-02-08,Pasar Seni,KLCC,1271
2026-02-08,Pasar Seni,Masjid Jamek,140
2026-02-08,Pasar Seni,Pasar Seni,523
2026-02-09,Bukit Bintang,Bukit Bintang,320
2026-02-09,Bukit Bintang,KL Sentral,4
2026-02-09,Bukit Bintang,KLCC,6
2026-02-09,Bukit Bintang,Masjid Jamek,6
2026-02-09,Bukit Bintang,Pasar Seni,5
2026-02-09,KL Sentral,Bukit Bintang,3
2026-02-09,KL Sentral,KL Sentral,1034
2026-02-09,KL Sentral,KLCC,1930
2026-02-09,KL Sentral,Masjid Jamek,564
2026-02-09,KL Sentral,Pasar Seni,1169
2026-02-09,KLCC,Bukit Bintang,9
2026-02-09,KLCC,KL Sentral,1834
2026-02-09,KLCC,KLCC,432
2026-02-09,KLCC,Masjid Jamek,475
2026-02-09,KLCC,Pasar Seni,954
2026-02-09,Masjid Jamek,Bukit Bintang,20
2026-02-09,Masjid Jamek,KL Sentral,615
2026-02-09,Masjid Jamek,KLCC,479
2026-02-09,Masjid Jamek,Masjid Jamek,249
2026-02-09,Masjid Jamek,Pasar Seni,184
2026-02-09,Pasar Seni,Bukit Bintang,1
2026-02-09,Pasar Seni,KL Sentral,1214
2026-02-09,Pasar Seni,KLCC,872
2026-02-09,Pasar Seni,Masjid Jamek,136
2026-02-09,Pasar Seni,Pasar Seni,470
2026-02-10,Bukit Bintang,Bukit Bintang,288
2026-02-10,Bukit Bintang,KL Sentral,0
2026-02-10,Bukit Bintang,KLCC,12
2026-02-10,Bukit Bintang,Masjid Jamek,2
2026-02-10,Bukit Bintang,Pasar Seni,0
2026-02-10,KL Sentral,Bukit Bintang,1
2026-02-10,KL Sentral,KL Sentral,345
2026-02-10,KL Sentral,KLCC,1958
2026-02-10,KL Sentral,Masjid Jamek,589
2026-02-10,KL Sentral,Pasar Seni,1187
2026-02-10,KLCC,Bukit Bintang,19
2026-02-10,KLCC,KL Sentral,1882
2026-02-10,KLCC,KLCC,216
2026-02-10,KLCC,Masjid Jamek,520
2026-02-10,KLCC,Pasar Seni,1002
2026-02-10,Masjid Jamek,Bukit Bintang,29
2026-02-10,Masjid Jamek,KL Sentral,621
2026-02-10,Masjid Jamek,KLCC,530
2026-02-10,Masjid Jamek,Masjid Jamek,224
2026-02-10,Masjid Jamek,Pasar Seni,164
2026-02-10,Pasar Seni,Bukit Bintang,8
2026-02-10,Pasar Seni,KL Sentral,1074
2026-02-10,Pasar Seni,KLCC,984
2026-02-10,Pasar Seni,Masjid Jamek,170
2026-02-10,Pasar Seni,Pasar Seni,399
2026-02-11,Bukit Bintang,Bukit Bintang,287
2026-02-11,Bukit Bintang,KL Sentral,2
2026-02-11,Bukit Bintang,KLCC,7
2026-02-11,Bukit Bintang,Masjid Jamek,3
2026-02-11,Bukit Bintang,Pasar Seni,4
2026-02-11,KL Sentral,Bukit Bintang,1
2026-02-11,KL Sentral,KL Sentral,394
2026-02-11,KL Sentral,KLCC,2127
2026-02-11,KL Sentral,Masjid Jamek,552
2026-02-11,KL Sentral,Pasar Seni,1166
2026-02-11,KLCC,Bukit Bintang,5
2026-02-11,KLCC,KL Sentral,1970
2026-02-11,KLCC,KLCC,341
2026-02-11,KLCC,Masjid Jamek,526
2026-02-11,KLCC,Pasar Seni,1093
2026-02-11,Masjid Jamek,Bukit Bintang,28
2026-02-11,Masjid Jamek,KL Sentral,597
2026-02-11,Masjid Jamek,KLCC,614
2026-02-11,Masjid Jamek,Masjid Jamek,194
2026-02-11,Masjid Jamek,Pasar Seni,176
2026-02-11,Pasar Seni,Bukit Bintang,1
2026-02-11,Pasar Seni,KL Sentral,1213
2026-02-11,Pasar Seni,KLCC,989
2026-02-11,Pasar Seni,Masjid Jamek,168
2026-02-11,Pasar Seni,Pasar Seni,460
2026-02-12,Bukit Bintang,Bukit Bintang,276
2026-02-12,Bukit Bintang,KL Sentral,1
2026-02-12,Bukit Bintang,KLCC,14
2026-02-12,Bukit Bintang,Masjid Jamek,1
2026-02-12,Bukit Bintang,Pasar Seni,3
2026-02-12,KL Sentral,Bukit Bintang,4
2026-02-12,KL Sentral,KL Sentral,387
2026-02-12,KL Sentral,KLCC,1954
2026-02-12,KL Sentral,Masjid Jamek,579
2026-02-12,KL Sentral,Pasar Seni,1214
2026-02-12,KLCC,Bukit Bintang,14
2026-02-12,KLCC,KL Sentral,1907
2026-02-12,KLCC,KLCC,233
2026-02-12,KLCC,Masjid Jamek,482
2026-02-12,KLCC,Pasar Seni,1084
2026-02-12,Masjid Jamek,Bukit Bintang,25
2026-02-12,Masjid Jamek,KL Sentral,632
2026-02-12,Masjid Jamek,KLCC,577
2026-02-12,Masjid Jamek,Masjid Jamek,203
2026-02-12,Masjid Jamek,Pasar Seni,161
2026-02-12,Pasar Seni,Bukit Bintang,3
2026-02-12,Pasar Seni,KL Sentral,1287
2026-02-12,Pasar Seni,KLCC,1052
2026-02-12,Pasar Seni,Masjid Jamek,168
2026-02-12,Pasar Seni,Pasar Seni,456
2026-02-13,Bukit Bintang,Bukit Bintang,384
2026-02-13,Bukit Bintang,KL Sentral,1
2026-02-13,Bukit Bintang,KLCC,8
2026-02-13,Bukit Bintang,Masjid Jamek,0
2026-02-13,Bukit Bintang,Pasar Seni,6
2026-02-13,KL Sentral,Bukit Bintang,5
2026-02-13,KL Sentral,KL Sentral,379
2026-02-13,KL Sentral,KLCC,2071
2026-02-13,KL Sentral,Masjid Jamek,574
2026-02-13,KL Sentral,Pasar Seni,1483
2026-02-13,KLCC,Bukit Bintang,22
2026-02-13,KLCC,KL Sentral,2038
2026-02-13,KLCC,KLCC,322
2026-02-13,KLCC,Masjid Jamek,607
2026-02-13,KLCC,Pasar Seni,1112
2026-02-13,Masjid Jamek,Bukit Bintang,13
2026-02-13,Masjid Jamek,KL Sentral,664
2026-02-13,Masjid Jamek,KLCC,702
2026-02-13,Masjid Jamek,Masjid Jamek,198
2026-02-13,Masjid Jamek,Pasar Seni,175
2026-02-13,Pasar Seni,Bukit Bintang,1
2026-02-13,Pasar Seni,KL Sentral,1416
2026-02-13,Pasar Seni,KLCC,1171
2026-02-13,Pasar Seni,Masjid Jamek,157
2026-02-13,Pasar Seni,Pasar Seni,519
2026-02-14,Bukit Bintang,Bukit Bintang,456
2026-02-14,Bukit Bintang,KL Sentral,4
2026-02-14,Bukit Bintang,KLCC,8
2026-02-14,Bukit Bintang,Masjid Jamek,0
2026-02-14,Bukit Bintang,Pasar Seni,25
2026-02-14,KL Sentral,Bukit Bintang,3
2026-02-14,KL Sentral,KL Sentral,357
2026-02-14,KL Sentral,KLCC,1755
2026-02-14,KL Sentral,Masjid Jamek,350
2026-02-14,KL Sentral,Pasar Seni,1667
2026-02-14,KLCC,Bukit Bintang,22
2026-02-14,KLCC,KL Sentral,1740
2026-02-14,KLCC,KLCC,242
2026-02-14,KLCC,Masjid Jamek,476
2026-02-14,KLCC,Pasar Seni,1520
2026-02-14,Masjid Jamek,Bukit Bintang,40
2026-02-14,Masjid Jamek,KL Sentral,347
2026-02-14,Masjid Jamek,KLCC,363
2026-02-14,Masjid Jamek,Masjid Jamek,128
2026-02-14,Masjid Jamek,Pasar Seni,134
2026-02-14,Pasar Seni,Bukit Bintang,3
2026-02-14,Pasar Seni,KL Sentral,1658
2026-02-14,Pasar Seni,KLCC,1660
2026-02-14,Pasar Seni,Masjid Jamek,149
2026-02-14,Pasar Seni,Pasar Seni,540
2026-02-15,Bukit Bintang,Bukit Bintang,395
2026-02-15,Bukit Bintang,KL Sentral,1
2026-02-15,Bukit Bintang,KLCC,11
2026-02-15,Bukit Bintang,Masjid Jamek,5
2026-02-15,Bukit Bintang,Pasar Seni,21
2026-02-15,KL Sentral,Bukit Bintang,1
2026-02-15,KL Sentral,KL Sentral,294
2026-02-15,KL Sentral,KLCC,1706
2026-02-15,KL Sentral,Masjid Jamek,347
2026-02-15,KL Sentral,Pasar Seni,1797
2026-02-15,KLCC,Bukit Bintang,26
2026-02-15,KLCC,KL Sentral,1738
2026-02-15,KLCC,KLCC,206
2026-02-15,KLCC,Masjid Jamek,531
2026-02-15,KLCC,Pasar Seni,1535
2026-02-15,Masjid Jamek,Bukit Bintang,22
2026-02-15,Masjid Jamek,KL Sentral,385
2026-02-15,Masjid Jamek,KLCC,520
2026-02-15,Masjid Jamek,Masjid Jamek,184
2026-02-15,Masjid Jamek,Pasar Seni,169
2026-02-15,Pasar Seni,Bukit Bintang,4
2026-02-15,Pasar Seni,KL Sentral,1917
2026-02-15,Pasar Seni,KLCC,1627
2026-02-15,Pasar Seni,Masjid Jamek,146
2026-02-15,Pasar Seni,Pasar Seni,648
2026-02-16,Bukit Bintang,Bukit Bintang,374
2026-02-16,Bukit Bintang,KL Sentral,0
2026-02-16,Bukit Bintang,KLCC,14
2026-02-16,Bukit Bintang,Masjid Jamek,7
2026-02-16,Bukit Bintang,Pasar Seni,6
2026-02-16,KL Sentral,Bukit Bintang,0
2026-02-16,KL Sentral,KL Sentral,386
2026-02-16,KL Sentral,KLCC,2499
2026-02-16,KL Sentral,Masjid Jamek,613
2026-02-16,KL Sentral,Pasar Seni,1747
2026-02-16,KLCC,Bukit Bintang,24
2026-02-16,KLCC,KL Sentral,2328
2026-02-16,KLCC,KLCC,251
2026-02-16,KLCC,Masjid Jamek,707
2026-02-16,KLCC,Pasar Seni,1714
2026-02-16,Masjid Jamek,Bukit Bintang,54
2026-02-16,Masjid Jamek,KL Sentral,627
2026-02-16,Masjid Jamek,KLCC,748
2026-02-16,Masjid Jamek,Masjid Jamek,221
2026-02-16,Masjid Jamek,Pasar Seni,182
2026-02-16,Pasar Seni,Bukit Bintang,2
2026-02-16,Pasar Seni,KL Sentral,1829
2026-02-16,Pasar Seni,KLCC,1722
2026-02-16,Pasar Seni,Masjid Jamek,198
2026-02-16,Pasar Seni,Pasar Seni,624
2026-02-17,Bukit Bintang,Bukit Bintang,422
2026-02-17,Bukit Bintang,KL Sentral,0
2026-02-17,Bukit Bintang,KLCC,17
2026-02-17,Bukit Bintang,Masjid Jamek,5
2026-02-17,Bukit Bintang,Pasar Seni,2
2026-02-17,KL Sentral,Bukit Bintang,0
2026-02-17,KL Sentral,KL Sentral,368
2026-02-17,KL Sentral,KLCC,2634
2026-02-17,KL Sentral,Masjid Jamek,413
2026-02-17,KL Sentral,Pasar Seni,1925
2026-02-17,KLCC,Bukit Bintang,19
2026-02-17,KLCC,KL Sentral,2369
2026-02-17,KLCC,KLCC,293
2026-02-17,KLCC,Masjid Jamek,1043
2026-02-17,KLCC,Pasar Seni,2360
2026-02-17,Masjid Jamek,Bukit Bintang,60
2026-02-17,Masjid Jamek,KL Sentral,455
2026-02-17,Masjid Jamek,KLCC,882
2026-02-17,Masjid Jamek,Masjid Jamek,191
2026-02-17,Masjid Jamek,Pasar Seni,138
2026-02-17,Pasar Seni,Bukit Bintang,2
2026-02-17,Pasar Seni,KL Sentral,1825
2026-02-17,Pasar Seni,KLCC,2456
2026-02-17,Pasar Seni,Masjid Jamek,136
2026-02-17,Pasar Seni,Pasar Seni,729
2026-02-18,Bukit Bintang,Bukit Bintang,355
2026-02-18,Bukit Bintang,KL Sentral,1
2026-02-18,Bukit Bintang,KLCC,14
2026-02-18,Bukit Bintang,Masjid Jamek,7
2026-02-18,Bukit Bintang,Pasar Seni,1
2026-02-18,KL Sentral,Bukit Bintang,6
2026-02-18,KL Sentral,KL Sentral,284
2026-02-18,KL Sentral,KLCC,1781
2026-02-18,KL Sentral,Masjid Jamek,397
2026-02-18,KL Sentral,Pasar Seni,1473
2026-02-18,KLCC,Bukit Bintang,22
2026-02-18,KLCC,KL Sentral,1673
2026-02-18,KLCC,KLCC,233
2026-02-18,KLCC,Masjid Jamek,663
2026-02-18,KLCC,Pasar Seni,1533
2026-02-18,Masjid Jamek,Bukit Bintang,46
2026-02-18,Masjid Jamek,KL Sentral,436
2026-02-18,Masjid Jamek,KLCC,511
2026-02-18,Masjid Jamek,Masjid Jamek,164
2026-02-18,Masjid Jamek,Pasar Seni,133
2026-02-18,Pasar Seni,Bukit Bintang,4
2026-02-18,Pasar Seni,KL Sentral,1561
2026-02-18,Pasar Seni,KLCC,1442
2026-02-18,Pasar Seni,Masjid Jamek,99
2026-02-18,Pasar Seni,Pasar Seni,595
2026-02-19,Bukit Bintang,Bukit Bintang,303
2026-02-19,Bukit Bintang,KL Sentral,0
2026-02-19,Bukit Bintang,KLCC,10
2026-02-19,Bukit Bintang,Masjid Jamek,4
2026-02-19,Bukit Bintang,Pasar Seni,1
2026-02-19,KL Sentral,Bukit Bintang,0
2026-02-19,KL Sentral,KL Sentral,643
2026-02-19,KL Sentral,KLCC,1609
2026-02-19,KL Sentral,Masjid Jamek,370
2026-02-19,KL Sentral,Pasar Seni,1107
2026-02-19,KLCC,Bukit Bintang,16
2026-02-19,KLCC,KL Sentral,1637
2026-02-19,KLCC,KLCC,243
2026-02-19,KLCC,Masjid Jamek,444
2026-02-19,KLCC,Pasar Seni,998
2026-02-19,Masjid Jamek,Bukit Bintang,35
2026-02-19,Masjid Jamek,KL Sentral,423
2026-02-19,Masjid Jamek,KLCC,394
2026-02-19,Masjid Jamek,Masjid Jamek,192
2026-02-19,Masjid Jamek,Pasar Seni,117
2026-02-19,Pasar Seni,Bukit Bintang,0
2026-02-19,Pasar Seni,KL Sentral,1015
2026-02-19,Pasar Seni,KLCC,944
2026-02-19,Pasar Seni,Masjid Jamek,110
2026-02-19,Pasar Seni,Pasar Seni,432
2026-02-20,Bukit Bintang,Bukit Bintang,313
2026-02-20,Bukit Bintang,KL Sentral,2
2026-02-20,Bukit Bintang,KLCC,2
2026-02-20,Bukit Bintang,Masjid Jamek,0
2026-02-20,Bukit Bintang,Pasar Seni,11
2026-02-20,KL Sentral,Bukit Bintang,2
2026-02-20,KL Sentral,KL Sentral,278
2026-02-20,KL Sentral,KLCC,1577
2026-02-20,KL Sentral,Masjid Jamek,486
2026-02-20,KL Sentral,Pasar Seni,1005
2026-02-20,KLCC,Bukit Bintang,12
2026-02-20,KLCC,KL Sentral,1581
2026-02-20,KLCC,KLCC,159
2026-02-20,KLCC,Masjid Jamek,457
2026-02-20,KLCC,Pasar Seni,1006
2026-02-20,Masjid Jamek,Bukit Bintang,13
2026-02-20,Masjid Jamek,KL Sentral,519
2026-02-20,Masjid Jamek,KLCC,451
2026-02-20,Masjid Jamek,Masjid Jamek,155
2026-02-20,Masjid Jamek,Pasar Seni,147
2026-02-20,Pasar Seni,Bukit Bintang,1
2026-02-20,Pasar Seni,KL Sentral,1060
2026-02-20,Pasar Seni,KLCC,953
2026-02-20,Pasar Seni,Masjid Jamek,112
2026-02-20,Pasar Seni,Pasar Seni,445
2026-02-21,Bukit Bintang,Bukit Bintang,284
2026-02-21,Bukit Bintang,KL Sentral,0
2026-02-21,Bukit Bintang,KLCC,9
2026-02-21,Bukit Bintang,Masjid Jamek,0
2026-02-21,Bukit Bintang,Pasar Seni,1
2026-02-21,KL Sentral,Bukit Bintang,1
2026-02-21,KL Sentral,KL Sentral,235
2026-02-21,KL Sentral,KLCC,999
2026-02-21,KL Sentral,Masjid Jamek,280
2026-02-21,KL Sentral,Pasar Seni,896
2026-02-21,KLCC,Bukit Bintang,3
2026-02-21,KLCC,KL Sentral,999
2026-02-21,KLCC,KLCC,129
2026-02-21,KLCC,Masjid Jamek,230
2026-02-21,KLCC,Pasar Seni,634
2026-02-21,Masjid Jamek,Bukit Bintang,4
2026-02-21,Masjid Jamek,KL Sentral,217
2026-02-21,Masjid Jamek,KLCC,188
2026-02-21,Masjid Jamek,Masjid Jamek,101
2026-02-21,Masjid Jamek,Pasar Seni,77
2026-02-21,Pasar Seni,Bukit Bintang,2
2026-02-21,Pasar Seni,KL Sentral,814
2026-02-21,Pasar Seni,KLCC,723
2026-02-21,Pasar Seni,Masjid Jamek,72
2026-02-21,Pasar Seni,Pasar Seni,324
2026-02-22,Bukit Bintang,Bukit Bintang,246
2026-02-22,Bukit Bintang,KL Sentral,1
2026-02-22,Bukit Bintang,KLCC,2
2026-02-22,Bukit Bintang,Masjid Jamek,0
2026-02-22,Bukit Bintang,Pasar Seni,0
2026-02-22,KL Sentral,Bukit Bintang,0
2026-02-22,KL Sentral,KL Sentral,217
2026-02-22,KL Sentral,KLCC,1019
2026-02-22,KL Sentral,Masjid Jamek,225
2026-02-22,KL Sentral,Pasar Seni,861
2026-02-22,KLCC,Bukit Bintang,2
2026-02-22,KLCC,KL Sentral,890
2026-02-22,KLCC,KLCC,125
2026-02-22,KLCC,Masjid Jamek,236
2026-02-22,KLCC,Pasar Seni,599
2026-02-22,Masjid Jamek,Bukit Bintang,10
2026-02-22,Masjid Jamek,KL Sentral,215
2026-02-22,Masjid Jamek,KLCC,222
2026-02-22,Masjid Jamek,Masjid Jamek,116
2026-02-22,Masjid Jamek,Pasar Seni,62
2026-02-22,Pasar Seni,Bukit Bintang,0
2026-02-22,Pasar Seni,KL Sentral,907
2026-02-22,Pasar Seni,KLCC,627
2026-02-22,Pasar Seni,Masjid Jamek,61
2026-02-22,Pasar Seni,Pasar Seni,323
2026-02-23,Bukit Bintang,Bukit Bintang,223
2026-02-23,Bukit Bintang,KL Sentral,1
2026-02-23,Bukit Bintang,KLCC,5
2026-02-23,Bukit Bintang,Masjid Jamek,0
2026-02-23,Bukit Bintang,Pasar Seni,4
2026-02-23,KL Sentral,Bukit Bintang,0
2026-02-23,KL Sentral,KL Sentral,288
2026-02-23,KL Sentral,KLCC,1641
2026-02-23,KL Sentral,Masjid Jamek,477
2026-02-23,KL Sentral,Pasar Seni,812
2026-02-23,KLCC,Bukit Bintang,19
2026-02-23,KLCC,KL Sentral,1412
2026-02-23,KLCC,KLCC,154
2026-02-23,KLCC,Masjid Jamek,312
2026-02-23,KLCC,Pasar Seni,627
2026-02-23,Masjid Jamek,Bukit Bintang,24
2026-02-23,Masjid Jamek,KL Sentral,503
2026-02-23,Masjid Jamek,KLCC,348
2026-02-23,Masjid Jamek,Masjid Jamek,162
2026-02-23,Masjid Jamek,Pasar Seni,131
2026-02-23,Pasar Seni,Bukit Bintang,1
2026-02-23,Pasar Seni,KL Sentral,825
2026-02-23,Pasar Seni,KLCC,628
2026-02-23,Pasar Seni,Masjid Jamek,83
2026-02-23,Pasar Seni,Pasar Seni,376
2026-02-24,Bukit Bintang,Bukit Bintang,218
2026-02-24,Bukit Bintang,KL Sentral,0
2026-02-24,Bukit Bintang,KLCC,1
2026-02-24,Bukit Bintang,Masjid Jamek,2
2026-02-24,Bukit Bintang,Pasar Seni,3
2026-02-24,KL Sentral,Bukit Bintang,1
2026-02-24,KL Sentral,KL Sentral,629
2026-02-24,KL Sentral,KLCC,1665
2026-02-24,KL Sentral,Masjid Jamek,460
2026-02-24,KL Sentral,Pasar Seni,720
2026-02-24,KLCC,Bukit Bintang,11
2026-02-24,KLCC,KL Sentral,1489
2026-02-24,KLCC,KLCC,293
2026-02-24,KLCC,Masjid Jamek,300
2026-02-24,KLCC,Pasar Seni,714
2026-02-24,Masjid Jamek,Bukit Bintang,20
2026-02-24,Masjid Jamek,KL Sentral,533
2026-02-24,Masjid Jamek,KLCC,447
2026-02-24,Masjid Jamek,Masjid Jamek,158
2026-02-24,Masjid Jamek,Pasar Seni,142
2026-02-24,Pasar Seni,Bukit Bintang,5
2026-02-24,Pasar Seni,KL Sentral,749
2026-02-24,Pasar Seni,KLCC,642
2026-02-24,Pasar Seni,Masjid Jamek,96
2026-02-24,Pasar Seni,Pasar Seni,367
2026-02-25,Bukit Bintang,Bukit Bintang,256
2026-02-25,Bukit Bintang,KL Sentral,0
2026-02-25,Bukit Bintang,KLCC,3
2026-02-25,Bukit Bintang,Masjid Jamek,0
2026-02-25,Bukit Bintang,Pasar Seni,4
2026-02-25,KL Sentral,Bukit Bintang,2
2026-02-25,KL Sentral,KL Sentral,283
2026-02-25,KL Sentral,KLCC,1617
2026-02-25,KL Sentral,Masjid Jamek,455
2026-02-25,KL Sentral,Pasar Seni,821
2026-02-25,KLCC,Bukit Bintang,5
2026-02-25,KLCC,KL Sentral,1515
2026-02-25,KLCC,KLCC,235
2026-02-25,KLCC,Masjid Jamek,401
2026-02-25,KLCC,Pasar Seni,696
2026-02-25,Masjid Jamek,Bukit Bintang,25
2026-02-25,Masjid Jamek,KL Sentral,488
2026-02-25,Masjid Jamek,KLCC,433
2026-02-25,Masjid Jamek,Masjid Jamek,163
2026-02-25,Masjid Jamek,Pasar Seni,137
2026-02-25,Pasar Seni,Bukit Bintang,3
2026-02-25,Pasar Seni,KL Sentral,827
2026-02-25,Pasar Seni,KLCC,683
2026-02-25,Pasar Seni,Masjid Jamek,98
2026-02-25,Pasar Seni,Pasar Seni,330
2026-02-26,Bukit Bintang,Bukit Bintang,268
2026-02-26,Bukit Bintang,KL Sentral,0
2026-02-26,Bukit Bintang,KLCC,0
2026-02-26,Bukit Bintang,Masjid Jamek,2
2026-02-26,Bukit Bintang,Pasar Seni,0
2026-02-26,KL Sentral,Bukit Bintang,1
2026-02-26,KL Sentral,KL Sentral,349
2026-02-26,KL Sentral,KLCC,1659
2026-02-26,KL Sentral,Masjid Jamek,437
2026-02-26,KL Sentral,Pasar Seni,887
2026-02-26,KLCC,Bukit Bintang,12
2026-02-26,KLCC,KL Sentral,1568
2026-02-26,KLCC,KLCC,214
2026-02-26,KLCC,Masjid Jamek,320
2026-02-26,KLCC,Pasar Seni,639
2026-02-26,Masjid Jamek,Bukit Bintang,18
2026-02-26,Masjid Jamek,KL Sentral,526
2026-02-26,Masjid Jamek,KLCC,427
2026-02-26,Masjid Jamek,Masjid Jamek,155
2026-02-26,Masjid Jamek,Pasar Seni,157
2026-02-26,Pasar Seni,Bukit Bintang,5
2026-02-26,Pasar Seni,KL Sentral,794
2026-02-26,Pasar Seni,KLCC,672
2026-02-26,Pasar Seni,Masjid Jamek,172
2026-02-26,Pasar Seni,Pasar Seni,364
2026-02-27,Bukit Bintang,Bukit Bintang,268
2026-02-27,Bukit Bintang,KL Sentral,0
2026-02-27,Bukit Bintang,KLCC,3
2026-02-27,Bukit Bintang,Masjid Jamek,0
2026-02-27,Bukit Bintang,Pasar Seni,4
2026-02-27,KL Sentral,Bukit Bintang,0
2026-02-27,KL Sentral,KL Sentral,393
2026-02-27,KL Sentral,KLCC,1680
2026-02-27,KL Sentral,Masjid Jamek,527
2026-02-27,KL Sentral,Pasar Seni,1040
2026-02-27,KLCC,Bukit Bintang,1
2026-02-27,KLCC,KL Sentral,1550
2026-02-27,KLCC,KLCC,251
2026-02-27,KLCC,Masjid Jamek,463
2026-02-27,KLCC,Pasar Seni,758
2026-02-27,Masjid Jamek,Bukit Bintang,19
2026-02-27,Masjid Jamek,KL Sentral,615
2026-02-27,Masjid Jamek,KLCC,537
2026-02-27,Masjid Jamek,Masjid Jamek,168
2026-02-27,Masjid Jamek,Pasar Seni,151
2026-02-27,Pasar Seni,Bukit Bintang,0
2026-02-27,Pasar Seni,KL Sentral,1029
2026-02-27,Pasar Seni,KLCC,751
2026-02-27,Pasar Seni,Masjid Jamek,141
2026-02-27,Pasar Seni,Pasar Seni,418
2026-02-28,Bukit Bintang,Bukit Bintang,315
2026-02-28,Bukit Bintang,KL Sentral,0
2026-02-28,Bukit Bintang,KLCC,6
2026-02-28,Bukit Bintang,Masjid Jamek,1
2026-02-28,Bukit Bintang,Pasar Seni,8
2026-02-28,KL Sentral,Bukit Bintang,0
2026-02-28,KL Sentral,KL Sentral,208
2026-02-28,KL Sentral,KLCC,1232
2026-02-28,KL Sentral,Masjid Jamek,329
2026-02-28,KL Sentral,Pasar Seni,953
2026-02-28,KLCC,Bukit Bintang,7
2026-02-28,KLCC,KL Sentral,1090
2026-02-28,KLCC,KLCC,177
2026-02-28,KLCC,Masjid Jamek,245
2026-02-28,KLCC,Pasar Seni,691
2026-02-28,Masjid Jamek,Bukit Bintang,25
2026-02-28,Masjid Jamek,KL Sentral,255
2026-02-28,Masjid Jamek,KLCC,237
2026-02-28,Masjid Jamek,Masjid Jamek,126
2026-02-28,Masjid Jamek,Pasar Seni,95
2026-02-28,Pasar Seni,Bukit Bintang,1
2026-02-28,Pasar Seni,KL Sentral,924
2026-02-28,Pasar Seni,KLCC,608
2026-02-28,Pasar Seni,Masjid Jamek,84
2026-02-28,Pasar Seni,Pasar Seni,373
2026-03-01,Bukit Bintang,Bukit Bintang,268
2026-03-01,Bukit Bintang,KL Sentral,1
2026-03-01,Bukit Bintang,KLCC,4
2026-03-01,Bukit Bintang,Masjid Jamek,10
2026-03-01,Bukit Bintang,Pasar Seni,0
2026-03-01,KL Sentral,Bukit Bintang,3
2026-03-01,KL Sentral,KL Sentral,240
2026-03-01,KL Sentral,KLCC,997
2026-03-01,KL Sentral,Masjid Jamek,298
2026-03-01,KL Sentral,Pasar Seni,1047
2026-03-01,KLCC,Bukit Bintang,13
2026-03-01,KLCC,KL Sentral,920
2026-03-01,KLCC,KLCC,157
2026-03-01,KLCC,Masjid Jamek,276
2026-03-01,KLCC,Pasar Seni,655
2026-03-01,Masjid Jamek,Bukit Bintang,24
2026-03-01,Masjid Jamek,KL Sentral,282
2026-03-01,Masjid Jamek,KLCC,275
2026-03-01,Masjid Jamek,Masjid Jamek,124
2026-03-01,Masjid Jamek,Pasar Seni,95
2026-03-01,Pasar Seni,Bukit Bintang,0
2026-03-01,Pasar Seni,KL Sentral,1103
2026-03-01,Pasar Seni,KLCC,623
2026-03-01,Pasar Seni,Masjid Jamek,84
2026-03-01,Pasar Seni,Pasar Seni,396
2026-03-02,Bukit Bintang,Bukit Bintang,270
2026-03-02,Bukit Bintang,KL Sentral,0
2026-03-02,Bukit Bintang,KLCC,2
2026-03-02,Bukit Bintang,Masjid Jamek,9
2026-03-02,Bukit Bintang,Pasar Seni,5
2026-03-02,KL Sentral,Bukit Bintang,0
2026-03-02,KL Sentral,KL Sentral,397
2026-03-02,KL Sentral,KLCC,1652
2026-03-02,KL Sentral,Masjid Jamek,514
2026-03-02,KL Sentral,Pasar Seni,948
2026-03-02,KLCC,Bukit Bintang,4
2026-03-02,KLCC,KL Sentral,1406
2026-03-02,KLCC,KLCC,207
2026-03-02,KLCC,Masjid Jamek,338
2026-03-02,KLCC,Pasar Seni,657
2026-03-02,Masjid Jamek,Bukit Bintang,15
2026-03-02,Masjid Jamek,KL Sentral,503
2026-03-02,Masjid Jamek,KLCC,397
2026-03-02,Masjid Jamek,Masjid Jamek,163
2026-03-02,Masjid Jamek,Pasar Seni,141
2026-03-02,Pasar Seni,Bukit Bintang,2
2026-03-02,Pasar Seni,KL Sentral,990
2026-03-02,Pasar Seni,KLCC,561
2026-03-02,Pasar Seni,Masjid Jamek,129
2026-03-02,Pasar Seni,Pasar Seni,347
2026-03-03,Bukit Bintang,Bukit Bintang,384
2026-03-03,Bukit Bintang,KL Sentral,0
2026-03-03,Bukit Bintang,KLCC,3
2026-03-03,Bukit Bintang,Masjid Jamek,1
2026-03-03,Bukit Bintang,Pasar Seni,2
2026-03-03,KL Sentral,Bukit Bintang,0
2026-03-03,KL Sentral,KL Sentral,440
2026-03-03,KL Sentral,KLCC,1850
2026-03-03,KL Sentral,Masjid Jamek,490
2026-03-03,KL Sentral,Pasar Seni,879
2026-03-03,KLCC,Bukit Bintang,13
2026-03-03,KLCC,KL Sentral,1677
2026-03-03,KLCC,KLCC,225
2026-03-03,KLCC,Masjid Jamek,427
2026-03-03,KLCC,Pasar Seni,730
2026-03-03,Masjid Jamek,Bukit Bintang,20
2026-03-03,Masjid Jamek,KL Sentral,521
2026-03-03,Masjid Jamek,KLCC,440
2026-03-03,Masjid Jamek,Masjid Jamek,193
2026-03-03,Masjid Jamek,Pasar Seni,135
2026-03-03,Pasar Seni,Bukit Bintang,0
2026-03-03,Pasar Seni,KL Sentral,884
2026-03-03,Pasar Seni,KLCC,647
2026-03-03,Pasar Seni,Masjid Jamek,129
2026-03-03,Pasar Seni,Pasar Seni,385
2026-03-04,Bukit Bintang,Bukit Bintang,275
2026-03-04,Bukit Bintang,KL Sentral,0
2026-03-04,Bukit Bintang,KLCC,5
2026-03-04,Bukit Bintang,Masjid Jamek,5
2026-03-04,Bukit Bintang,Pasar Seni,0
2026-03-04,KL Sentral,Bukit Bintang,0
2026-03-04,KL Sentral,KL Sentral,404
2026-03-04,KL Sentral,KLCC,1716
2026-03-04,KL Sentral,Masjid Jamek,462
2026-03-04,KL Sentral,Pasar Seni,822
2026-03-04,KLCC,Bukit Bintang,14
2026-03-04,KLCC,KL Sentral,1614
2026-03-04,KLCC,KLCC,280
2026-03-04,KLCC,Masjid Jamek,402
2026-03-04,KLCC,Pasar Seni,674
2026-03-04,Masjid Jamek,Bukit Bintang,20
2026-03-04,Masjid Jamek,KL Sentral,533
2026-03-04,Masjid Jamek,KLCC,442
2026-03-04,Masjid Jamek,Masjid Jamek,207
2026-03-04,Masjid Jamek,Pasar Seni,121
2026-03-04,Pasar Seni,Bukit Bintang,3
2026-03-04,Pasar Seni,KL Sentral,853
2026-03-04,Pasar Seni,KLCC,612
2026-03-04,Pasar Seni,Masjid Jamek,101
2026-03-04,Pasar Seni,Pasar Seni,319
2026-03-05,Bukit Bintang,Bukit Bintang,239
2026-03-05,Bukit Bintang,KL Sentral,1
2026-03-05,Bukit Bintang,KLCC,0
2026-03-05,Bukit Bintang,Masjid Jamek,1
2026-03-05,Bukit Bintang,Pasar Seni,2
2026-03-05,KL Sentral,Bukit Bintang,3
2026-03-05,KL Sentral,KL Sentral,372
2026-03-05,KL Sentral,KLCC,1683
2026-03-05,KL Sentral,Masjid Jamek,500
2026-03-05,KL Sentral,Pasar Seni,936
2026-03-05,KLCC,Bukit Bintang,3
2026-03-05,KLCC,KL Sentral,1613
2026-03-05,KLCC,KLCC,248
2026-03-05,KLCC,Masjid Jamek,389
2026-03-05,KLCC,Pasar Seni,710
2026-03-05,Masjid Jamek,Bukit Bintang,16
2026-03-05,Masjid Jamek,KL Sentral,567
2026-03-05,Masjid Jamek,KLCC,489
2026-03-05,Masjid Jamek,Masjid Jamek,163
2026-03-05,Masjid Jamek,Pasar Seni,118
2026-03-05,Pasar Seni,Bukit Bintang,1
2026-03-05,Pasar Seni,KL Sentral,920
2026-03-05,Pasar Seni,KLCC,689
2026-03-05,Pasar Seni,Masjid Jamek,132
2026-03-05,Pasar Seni,Pasar Seni,341
2026-03-06,Bukit Bintang,Bukit Bintang,295
2026-03-06,Bukit Bintang,KL Sentral,0
2026-03-06,Bukit Bintang,KLCC,3
2026-03-06,Bukit Bintang,Masjid Jamek,1
2026-03-06,Bukit Bintang,Pasar Seni,4
2026-03-06,KL Sentral,Bukit Bintang,0
2026-03-06,KL Sentral,KL Sentral,382
2026-03-06,KL Sentral,KLCC,1516
2026-03-06,KL Sentral,Masjid Jamek,561
2026-03-06,KL Sentral,Pasar Seni,934
2026-03-06,KLCC,Bukit Bintang,5
2026-03-06,KLCC,KL Sentral,1412
2026-03-06,KLCC,KLCC,342
2026-03-06,KLCC,Masjid Jamek,506
2026-03-06,KLCC,Pasar Seni,679
2026-03-06,Masjid Jamek,Bukit Bintang,20
2026-03-06,Masjid Jamek,KL Sentral,572
2026-03-06,Masjid Jamek,KLCC,630
2026-03-06,Masjid Jamek,Masjid Jamek,224
2026-03-06,Masjid Jamek,Pasar Seni,191
2026-03-06,Pasar Seni,Bukit Bintang,4
2026-03-06,Pasar Seni,KL Sentral,1005
2026-03-06,Pasar Seni,KLCC,672
2026-03-06,Pasar Seni,Masjid Jamek,160
2026-03-06,Pasar Seni,Pasar Seni,470
2026-03-07,Bukit Bintang,Bukit Bintang,346
2026-03-07,Bukit Bintang,KL Sentral,0
2026-03-07,Bukit Bintang,KLCC,0
2026-03-07,Bukit Bintang,Masjid Jamek,1
2026-03-07,Bukit Bintang,Pasar Seni,9
2026-03-07,KL Sentral,Bukit Bintang,0
2026-03-07,KL Sentral,KL Sentral,328
2026-03-07,KL Sentral,KLCC,1249
2026-03-07,KL Sentral,Masjid Jamek,317
2026-03-07,KL Sentral,Pasar Seni,1125
2026-03-07,KLCC,Bukit Bintang,2
2026-03-07,KLCC,KL Sentral,1247
2026-03-07,KLCC,KLCC,186
2026-03-07,KLCC,Masjid Jamek,325
2026-03-07,KLCC,Pasar Seni,774
2026-03-07,Masjid Jamek,Bukit Bintang,29
2026-03-07,Masjid Jamek,KL Sentral,254
2026-03-07,Masjid Jamek,KLCC,317
2026-03-07,Masjid Jamek,Masjid Jamek,135
2026-03-07,Masjid Jamek,Pasar Seni,94
2026-03-07,Pasar Seni,Bukit Bintang,2
2026-03-07,Pasar Seni,KL Sentral,1078
2026-03-07,Pasar Seni,KLCC,693
2026-03-07,Pasar Seni,Masjid Jamek,76
2026-03-07,Pasar Seni,Pasar Seni,407
2026-03-08,Bukit Bintang,Bukit Bintang,317
2026-03-08,Bukit Bintang,KL Sentral,0
2026-03-08,Bukit Bintang,KLCC,0
2026-03-08,Bukit Bintang,Masjid Jamek,2
2026-03-08,Bukit Bintang,Pasar Seni,4
2026-03-08,KL Sentral,Bukit Bintang,0
2026-03-08,KL Sentral,KL Sentral,287
2026-03-08,KL Sentral,KLCC,1091
2026-03-08,KL Sentral,Masjid Jamek,295
2026-03-08,KL Sentral,Pasar Seni,1051
2026-03-08,KLCC,Bukit Bintang,9
2026-03-08,KLCC,KL Sentral,1076
2026-03-08,KLCC,KLCC,175
2026-03-08,KLCC,Masjid Jamek,348
2026-03-08,KLCC,Pasar Seni,794
2026-03-08,Masjid Jamek,Bukit Bintang,43
2026-03-08,Masjid Jamek,KL Sentral,311
2026-03-08,Masjid Jamek,KLCC,299
2026-03-08,Masjid Jamek,Masjid Jamek,143
2026-03-08,Masjid Jamek,Pasar Seni,122
2026-03-08,Pasar Seni,Bukit Bintang,1
2026-03-08,Pasar Seni,KL Sentral,1247
2026-03-08,Pasar Seni,KLCC,830
2026-03-08,Pasar Seni,Masjid Jamek,110
2026-03-08,Pasar Seni,Pasar Seni,336
2026-03-09,Bukit Bintang,Bukit Bintang,321
2026-03-09,Bukit Bintang,KL Sentral,0
2026-03-09,Bukit Bintang,KLCC,3
2026-03-09,Bukit Bintang,Masjid Jamek,6
2026-03-09,Bukit Bintang,Pasar Seni,2
2026-03-09,KL Sentral,Bukit Bintang,1
2026-03-09,KL Sentral,KL Sentral,440
2026-03-09,KL Sentral,KLCC,1689
2026-03-09,KL Sentral,Masjid Jamek,546
2026-03-09,KL Sentral,Pasar Seni,925
2026-03-09,KLCC,Bukit Bintang,7
2026-03-09,KLCC,KL Sentral,1457
2026-03-09,KLCC,KLCC,214
2026-03-09,KLCC,Masjid Jamek,385
2026-03-09,KLCC,Pasar Seni,677
2026-03-09,Masjid Jamek,Bukit Bintang,12
2026-03-09,Masjid Jamek,KL Sentral,566
2026-03-09,Masjid Jamek,KLCC,394
2026-03-09,Masjid Jamek,Masjid Jamek,189
2026-03-09,Masjid Jamek,Pasar Seni,119
2026-03-09,Pasar Seni,Bukit Bintang,3
2026-03-09,Pasar Seni,KL Sentral,928
2026-03-09,Pasar Seni,KLCC,593
2026-03-09,Pasar Seni,Masjid Jamek,126
2026-03-09,Pasar Seni,Pasar Seni,314
2026-03-10,Bukit Bintang,Bukit Bintang,228
2026-03-10,Bukit Bintang,KL Sentral,0
2026-03-10,Bukit Bintang,KLCC,3
2026-03-10,Bukit Bintang,Masjid Jamek,7
2026-03-10,Bukit Bintang,Pasar Seni,3
2026-03-10,KL Sentral,Bukit Bintang,1
2026-03-10,KL Sentral,KL Sentral,408
2026-03-10,KL Sentral,KLCC,1646
2026-03-10,KL Sentral,Masjid Jamek,533
2026-03-10,KL Sentral,Pasar Seni,901
2026-03-10,KLCC,Bukit Bintang,6
2026-03-10,KLCC,KL Sentral,1588
2026-03-10,KLCC,KLCC,274
2026-03-10,KLCC,Masjid Jamek,365
2026-03-10,KLCC,Pasar Seni,831
2026-03-10,Masjid Jamek,Bukit Bintang,16
2026-03-10,Masjid Jamek,KL Sentral,577
2026-03-10,Masjid Jamek,KLCC,444
2026-03-10,Masjid Jamek,Masjid Jamek,181
2026-03-10,Masjid Jamek,Pasar Seni,161
2026-03-10,Pasar Seni,Bukit Bintang,0
2026-03-10,Pasar Seni,KL Sentral,882
2026-03-10,Pasar Seni,KLCC,786
2026-03-10,Pasar Seni,Masjid Jamek,123
2026-03-10,Pasar Seni,Pasar Seni,397
2026-03-11,Bukit Bintang,Bukit Bintang,224
2026-03-11,Bukit Bintang,KL Sentral,0
2026-03-11,Bukit Bintang,KLCC,4
2026-03-11,Bukit Bintang,Masjid Jamek,3
2026-03-11,Bukit Bintang,Pasar Seni,4
2026-03-11,KL Sentral,Bukit Bintang,1
2026-03-11,KL Sentral,KL Sentral,475
2026-03-11,KL Sentral,KLCC,1627
2026-03-11,KL Sentral,Masjid Jamek,495
2026-03-11,KL Sentral,Pasar Seni,891
2026-03-11,KLCC,Bukit Bintang,5
2026-03-11,KLCC,KL Sentral,1572
2026-03-11,KLCC,KLCC,268
2026-03-11,KLCC,Masjid Jamek,406
2026-03-11,KLCC,Pasar Seni,661
2026-03-11,Masjid Jamek,Bukit Bintang,19
2026-03-11,Masjid Jamek,KL Sentral,524
2026-03-11,Masjid Jamek,KLCC,514
2026-03-11,Masjid Jamek,Masjid Jamek,239
2026-03-11,Masjid Jamek,Pasar Seni,160
2026-03-11,Pasar Seni,Bukit Bintang,0
2026-03-11,Pasar Seni,KL Sentral,905
2026-03-11,Pasar Seni,KLCC,615
2026-03-11,Pasar Seni,Masjid Jamek,135
2026-03-11,Pasar Seni,Pasar Seni,398
2026-03-12,Bukit Bintang,Bukit Bintang,267
2026-03-12,Bukit Bintang,KL Sentral,0
2026-03-12,Bukit Bintang,KLCC,4
2026-03-12,Bukit Bintang,Masjid Jamek,2
2026-03-12,Bukit Bintang,Pasar Seni,0
2026-03-12,KL Sentral,Bukit Bintang,0
2026-03-12,KL Sentral,KL Sentral,409
2026-03-12,KL Sentral,KLCC,1638
2026-03-12,KL Sentral,Masjid Jamek,541
2026-03-12,KL Sentral,Pasar Seni,890
2026-03-12,KLCC,Bukit Bintang,2
2026-03-12,KLCC,KL Sentral,1591
2026-03-12,KLCC,KLCC,286
2026-03-12,KLCC,Masjid Jamek,402
2026-03-12,KLCC,Pasar Seni,744
2026-03-12,Masjid Jamek,Bukit Bintang,12
2026-03-12,Masjid Jamek,KL Sentral,573
2026-03-12,Masjid Jamek,KLCC,509
2026-03-12,Masjid Jamek,Masjid Jamek,204
2026-03-12,Masjid Jamek,Pasar Seni,139
2026-03-12,Pasar Seni,Bukit Bintang,0
2026-03-12,Pasar Seni,KL Sentral,847
2026-03-12,Pasar Seni,KLCC,614
2026-03-12,Pasar Seni,Masjid Jamek,139
2026-03-12,Pasar Seni,Pasar Seni,412
2026-03-13,Bukit Bintang,Bukit Bintang,380
2026-03-13,Bukit Bintang,KL Sentral,0
2026-03-13,Bukit Bintang,KLCC,6
2026-03-13,Bukit Bintang,Masjid Jamek,0
2026-03-13,Bukit Bintang,Pasar Seni,1
2026-03-13,KL Sentral,Bukit Bintang,2
2026-03-13,KL Sentral,KL Sentral,442
2026-03-13,KL Sentral,KLCC,1777
2026-03-13,KL Sentral,Masjid Jamek,562
2026-03-13,KL Sentral,Pasar Seni,1107
2026-03-13,KLCC,Bukit Bintang,2
2026-03-13,KLCC,KL Sentral,1626
2026-03-13,KLCC,KLCC,355
2026-03-13,KLCC,Masjid Jamek,518
2026-03-13,KLCC,Pasar Seni,748
2026-03-13,Masjid Jamek,Bukit Bintang,27
2026-03-13,Masjid Jamek,KL Sentral,613
2026-03-13,Masjid Jamek,KLCC,667
2026-03-13,Masjid Jamek,Masjid Jamek,246
2026-03-13,Masjid Jamek,Pasar Seni,190
2026-03-13,Pasar Seni,Bukit Bintang,1
2026-03-13,Pasar Seni,KL Sentral,1045
2026-03-13,Pasar Seni,KLCC,716
2026-03-13,Pasar Seni,Masjid Jamek,166
2026-03-13,Pasar Seni,Pasar Seni,480
2026-03-14,Bukit Bintang,Bukit Bintang,303
2026-03-14,Bukit Bintang,KL Sentral,2
2026-03-14,Bukit Bintang,KLCC,9
2026-03-14,Bukit Bintang,Masjid Jamek,4
2026-03-14,Bukit Bintang,Pasar Seni,1
2026-03-14,KL Sentral,Bukit Bintang,0
2026-03-14,KL Sentral,KL Sentral,327
2026-03-14,KL Sentral,KLCC,1190
2026-03-14,KL Sentral,Masjid Jamek,285
2026-03-14,KL Sentral,Pasar Seni,917
2026-03-14,KLCC,Bukit Bintang,8
2026-03-14,KLCC,KL Sentral,1070
2026-03-14,KLCC,KLCC,192
2026-03-14,KLCC,Masjid Jamek,250
2026-03-14,KLCC,Pasar Seni,682
2026-03-14,Masjid Jamek,Bukit Bintang,21
2026-03-14,Masjid Jamek,KL Sentral,321
2026-03-14,Masjid Jamek,KLCC,227
2026-03-14,Masjid Jamek,Masjid Jamek,127
2026-03-14,Masjid Jamek,Pasar Seni,149
2026-03-14,Pasar Seni,Bukit Bintang,2
2026-03-14,Pasar Seni,KL Sentral,985
2026-03-14,Pasar Seni,KLCC,689
2026-03-14,Pasar Seni,Masjid Jamek,103
2026-03-14,Pasar Seni,Pasar Seni,392
2026-03-15,Bukit Bintang,Bukit Bintang,250
2026-03-15,Bukit Bintang,KL Sentral,1
2026-03-15,Bukit Bintang,KLCC,1
2026-03-15,Bukit Bintang,Masjid Jamek,2
2026-03-15,Bukit Bintang,Pasar Seni,3
2026-03-15,KL Sentral,Bukit Bintang,3
2026-03-15,KL Sentral,KL Sentral,296
2026-03-15,KL Sentral,KLCC,966
2026-03-15,KL Sentral,Masjid Jamek,240
2026-03-15,KL Sentral,Pasar Seni,920
2026-03-15,KLCC,Bukit Bintang,7
2026-03-15,KLCC,KL Sentral,948
2026-03-15,KLCC,KLCC,165
2026-03-15,KLCC,Masjid Jamek,350
2026-03-15,KLCC,Pasar Seni,679
2026-03-15,Masjid Jamek,Bukit Bintang,39
2026-03-15,Masjid Jamek,KL Sentral,323
2026-03-15,Masjid Jamek,KLCC,280
2026-03-15,Masjid Jamek,Masjid Jamek,142
2026-03-15,Masjid Jamek,Pasar Seni,96
2026-03-15,Pasar Seni,Bukit Bintang,2
2026-03-15,Pasar Seni,KL Sentral,1078
2026-03-15,Pasar Seni,KLCC,710
2026-03-15,Pasar Seni,Masjid Jamek,66
2026-03-15,Pasar Seni,Pasar Seni,456
2026-03-16,Bukit Bintang,Bukit Bintang,230
2026-03-16,Bukit Bintang,KL Sentral,0
2026-03-16,Bukit Bintang,KLCC,18
2026-03-16,Bukit Bintang,Masjid Jamek,3
2026-03-16,Bukit Bintang,Pasar Seni,1
2026-03-16,KL Sentral,Bukit Bintang,0
2026-03-16,KL Sentral,KL Sentral,368
2026-03-16,KL Sentral,KLCC,1793
2026-03-16,KL Sentral,Masjid Jamek,511
2026-03-16,KL Sentral,Pasar Seni,940
2026-03-16,KLCC,Bukit Bintang,7
2026-03-16,KLCC,KL Sentral,1516
2026-03-16,KLCC,KLCC,235
2026-03-16,KLCC,Masjid Jamek,407
2026-03-16,KLCC,Pasar Seni,634
2026-03-16,Masjid Jamek,Bukit Bintang,14
2026-03-16,Masjid Jamek,KL Sentral,555
2026-03-16,Masjid Jamek,KLCC,472
2026-03-16,Masjid Jamek,Masjid Jamek,175
2026-03-16,Masjid Jamek,Pasar Seni,150
2026-03-16,Pasar Seni,Bukit Bintang,1
2026-03-16,Pasar Seni,KL Sentral,909
2026-03-16,Pasar Seni,KLCC,559
2026-03-16,Pasar Seni,Masjid Jamek,140
2026-03-16,Pasar Seni,Pasar Seni,411
2026-03-17,Bukit Bintang,Bukit Bintang,243
2026-03-17,Bukit Bintang,KL Sentral,0
2026-03-17,Bukit Bintang,KLCC,1
2026-03-17,Bukit Bintang,Masjid Jamek,1
2026-03-17,Bukit Bintang,Pasar Seni,2
2026-03-17,KL Sentral,Bukit Bintang,3
2026-03-17,KL Sentral,KL Sentral,341
2026-03-17,KL Sentral,KLCC,1787
2026-03-17,KL Sentral,Masjid Jamek,481
2026-03-17,KL Sentral,Pasar Seni,918
2026-03-17,KLCC,Bukit Bintang,6
2026-03-17,KLCC,KL Sentral,1610
2026-03-17,KLCC,KLCC,231
2026-03-17,KLCC,Masjid Jamek,436
2026-03-17,KLCC,Pasar Seni,737
2026-03-17,Masjid Jamek,Bukit Bintang,34
2026-03-17,Masjid Jamek,KL Sentral,534
2026-03-17,Masjid Jamek,KLCC,494
2026-03-17,Masjid Jamek,Masjid Jamek,186
2026-03-17,Masjid Jamek,Pasar Seni,112
2026-03-17,Pasar Seni,Bukit Bintang,1
2026-03-17,Pasar Seni,KL Sentral,934
2026-03-17,Pasar Seni,KLCC,728
2026-03-17,Pasar Seni,Masjid Jamek,108
2026-03-17,Pasar Seni,Pasar Seni,406
2026-03-18,Bukit Bintang,Bukit Bintang,240
2026-03-18,Bukit Bintang,KL Sentral,0
2026-03-18,Bukit Bintang,KLCC,4
2026-03-18,Bukit Bintang,Masjid Jamek,1
2026-03-18,Bukit Bintang,Pasar Seni,3
2026-03-18,KL Sentral,Bukit Bintang,0
2026-03-18,KL Sentral,KL Sentral,309
2026-03-18,KL Sentral,KLCC,1714
2026-03-18,KL Sentral,Masjid Jamek,446
2026-03-18,KL Sentral,Pasar Seni,929
2026-03-18,KLCC,Bukit Bintang,11
2026-03-18,KLCC,KL Sentral,1627
2026-03-18,KLCC,KLCC,235
2026-03-18,KLCC,Masjid Jamek,431
2026-03-18,KLCC,Pasar Seni,734
2026-03-18,Masjid Jamek,Bukit Bintang,16
2026-03-18,Masjid Jamek,KL Sentral,544
2026-03-18,Masjid Jamek,KLCC,556
2026-03-18,Masjid Jamek,Masjid Jamek,175
2026-03-18,Masjid Jamek,Pasar Seni,134
2026-03-18,Pasar Seni,Bukit Bintang,0
2026-03-18,Pasar Seni,KL Sentral,840
2026-03-18,Pasar Seni,KLCC,644
2026-03-18,Pasar Seni,Masjid Jamek,118
2026-03-18,Pasar Seni,Pasar Seni,377
2026-03-19,Bukit Bintang,Bukit Bintang,272
2026-03-19,Bukit Bintang,KL Sentral,2
2026-03-19,Bukit Bintang,KLCC,14
2026-03-19,Bukit Bintang,Masjid Jamek,7
2026-03-19,Bukit Bintang,Pasar Seni,0
2026-03-19,KL Sentral,Bukit Bintang,5
2026-03-19,KL Sentral,KL Sentral,335
2026-03-19,KL Sentral,KLCC,1376
2026-03-19,KL Sentral,Masjid Jamek,420
2026-03-19,KL Sentral,Pasar Seni,880
2026-03-19,KLCC,Bukit Bintang,2
2026-03-19,KLCC,KL Sentral,1312
2026-03-19,KLCC,KLCC,219
2026-03-19,KLCC,Masjid Jamek,423
2026-03-19,KLCC,Pasar Seni,602
2026-03-19,Masjid Jamek,Bukit Bintang,23
2026-03-19,Masjid Jamek,KL Sentral,477
2026-03-19,Masjid Jamek,KLCC,443
2026-03-19,Masjid Jamek,Masjid Jamek,158
2026-03-19,Masjid Jamek,Pasar Seni,110
2026-03-19,Pasar Seni,Bukit Bintang,0
2026-03-19,Pasar Seni,KL Sentral,853
2026-03-19,Pasar Seni,KLCC,622
2026-03-19,Pasar Seni,Masjid Jamek,118
2026-03-19,Pasar Seni,Pasar Seni,321
2026-03-20,Bukit Bintang,Bukit Bintang,365
2026-03-20,Bukit Bintang,KL Sentral,0
2026-03-20,Bukit Bintang,KLCC,13
2026-03-20,Bukit Bintang,Masjid Jamek,4
2026-03-20,Bukit Bintang,Pasar Seni,4
2026-03-20,KL Sentral,Bukit Bintang,1
2026-03-20,KL Sentral,KL Sentral,292
2026-03-20,KL Sentral,KLCC,1541
2026-03-20,KL Sentral,Masjid Jamek,354
2026-03-20,KL Sentral,Pasar Seni,1183
2026-03-20,KLCC,Bukit Bintang,17
2026-03-20,KLCC,KL Sentral,1234
2026-03-20,KLCC,KLCC,176
2026-03-20,KLCC,Masjid Jamek,339
2026-03-20,KLCC,Pasar Seni,994
2026-03-20,Masjid Jamek,Bukit Bintang,47
2026-03-20,Masjid Jamek,KL Sentral,292
2026-03-20,Masjid Jamek,KLCC,347
2026-03-20,Masjid Jamek,Masjid Jamek,126
2026-03-20,Masjid Jamek,Pasar Seni,78
2026-03-20,Pasar Seni,Bukit Bintang,1
2026-03-20,Pasar Seni,KL Sentral,979
2026-03-20,Pasar Seni,KLCC,915
2026-03-20,Pasar Seni,Masjid Jamek,85
2026-03-20,Pasar Seni,Pasar Seni,338
2026-03-21,Bukit Bintang,Bukit Bintang,485
2026-03-21,Bukit Bintang,KL Sentral,2
2026-03-21,Bukit Bintang,KLCC,32
2026-03-21,Bukit Bintang,Masjid Jamek,25
2026-03-21,Bukit Bintang,Pasar Seni,7
2026-03-21,KL Sentral,Bukit Bintang,5
2026-03-21,KL Sentral,KL Sentral,372
2026-03-21,KL Sentral,KLCC,2723
2026-03-21,KL Sentral,Masjid Jamek,396
2026-03-21,KL Sentral,Pasar Seni,1505
2026-03-21,KLCC,Bukit Bintang,84
2026-03-21,KLCC,KL Sentral,2292
2026-03-21,KLCC,KLCC,536
2026-03-21,KLCC,Masjid Jamek,1647
2026-03-21,KLCC,Pasar Seni,3128
2026-03-21,Masjid Jamek,Bukit Bintang,86
2026-03-21,Masjid Jamek,KL Sentral,403
2026-03-21,Masjid Jamek,KLCC,1585
2026-03-21,Masjid Jamek,Masjid Jamek,197
2026-03-21,Masjid Jamek,Pasar Seni,128
2026-03-21,Pasar Seni,Bukit Bintang,12
2026-03-21,Pasar Seni,KL Sentral,1615
2026-03-21,Pasar Seni,KLCC,2935
2026-03-21,Pasar Seni,Masjid Jamek,129
2026-03-21,Pasar Seni,Pasar Seni,883
2026-03-22,Bukit Bintang,Bukit Bintang,515
2026-03-22,Bukit Bintang,KL Sentral,2
2026-03-22,Bukit Bintang,KLCC,38
2026-03-22,Bukit Bintang,Masjid Jamek,7
2026-03-22,Bukit Bintang,Pasar Seni,5
2026-03-22,KL Sentral,Bukit Bintang,6
2026-03-22,KL Sentral,KL Sentral,401
2026-03-22,KL Sentral,KLCC,2580
2026-03-22,KL Sentral,Masjid Jamek,407
2026-03-22,KL Sentral,Pasar Seni,1727
2026-03-22,KLCC,Bukit Bintang,51
2026-03-22,KLCC,KL Sentral,2313
2026-03-22,KLCC,KLCC,403
2026-03-22,KLCC,Masjid Jamek,1298
2026-03-22,KLCC,Pasar Seni,2746
2026-03-22,Masjid Jamek,Bukit Bintang,97
2026-03-22,Masjid Jamek,KL Sentral,386
2026-03-22,Masjid Jamek,KLCC,1305
2026-03-22,Masjid Jamek,Masjid Jamek,214
2026-03-22,Masjid Jamek,Pasar Seni,109
2026-03-22,Pasar Seni,Bukit Bintang,7
2026-03-22,Pasar Seni,KL Sentral,1779
2026-03-22,Pasar Seni,KLCC,2661
2026-03-22,Pasar Seni,Masjid Jamek,143
2026-03-22,Pasar Seni,Pasar Seni,812
2026-03-23,Bukit Bintang,Bukit Bintang,400
2026-03-23,Bukit Bintang,KL Sentral,2
2026-03-23,Bukit Bintang,KLCC,13
2026-03-23,Bukit Bintang,Masjid Jamek,5
2026-03-23,Bukit Bintang,Pasar Seni,0
2026-03-23,KL Sentral,Bukit Bintang,2
2026-03-23,KL Sentral,KL Sentral,310
2026-03-23,KL Sentral,KLCC,1506
2026-03-23,KL Sentral,Masjid Jamek,278
2026-03-23,KL Sentral,Pasar Seni,1055
2026-03-23,KLCC,Bukit Bintang,21
2026-03-23,KLCC,KL Sentral,1435
2026-03-23,KLCC,KLCC,220
2026-03-23,KLCC,Masjid Jamek,399
2026-03-23,KLCC,Pasar Seni,1165
2026-03-23,Masjid Jamek,Bukit Bintang,40
2026-03-23,Masjid Jamek,KL Sentral,301
2026-03-23,Masjid Jamek,KLCC,350
2026-03-23,Masjid Jamek,Masjid Jamek,126
2026-03-23,Masjid Jamek,Pasar Seni,95
2026-03-23,Pasar Seni,Bukit Bintang,0
2026-03-23,Pasar Seni,KL Sentral,1104
2026-03-23,Pasar Seni,KLCC,1219
2026-03-23,Pasar Seni,Masjid Jamek,79
2026-03-23,Pasar Seni,Pasar Seni,477
2026-03-24,Bukit Bintang,Bukit Bintang,283
2026-03-24,Bukit Bintang,KL Sentral,0
2026-03-24,Bukit Bintang,KLCC,4
2026-03-24,Bukit Bintang,Masjid Jamek,2
2026-03-24,Bukit Bintang,Pasar Seni,2
2026-03-24,KL Sentral,Bukit Bintang,3
2026-03-24,KL Sentral,KL Sentral,349
2026-03-24,KL Sentral,KLCC,1690
2026-03-24,KL Sentral,Masjid Jamek,423
2026-03-24,KL Sentral,Pasar Seni,1086
2026-03-24,KLCC,Bukit Bintang,4
2026-03-24,KLCC,KL Sentral,1542
2026-03-24,KLCC,KLCC,204
2026-03-24,KLCC,Masjid Jamek,365
2026-03-24,KLCC,Pasar Seni,935
2026-03-24,Masjid Jamek,Bukit Bintang,19
2026-03-24,Masjid Jamek,KL Sentral,477
2026-03-24,Masjid Jamek,KLCC,350
2026-03-24,Masjid Jamek,Masjid Jamek,149
2026-03-24,Masjid Jamek,Pasar Seni,165
2026-03-24,Pasar Seni,Bukit Bintang,0
2026-03-24,Pasar Seni,KL Sentral,1019
2026-03-24,Pasar Seni,KLCC,871
2026-03-24,Pasar Seni,Masjid Jamek,144
2026-03-24,Pasar Seni,Pasar Seni,346
2026-03-25,Bukit Bintang,Bukit Bintang,268
2026-03-25,Bukit Bintang,KL Sentral,0
2026-03-25,Bukit Bintang,KLCC,10
2026-03-25,Bukit Bintang,Masjid Jamek,0
2026-03-25,Bukit Bintang,Pasar Seni,13
2026-03-25,KL Sentral,Bukit Bintang,6
2026-03-25,KL Sentral,KL Sentral,334
2026-03-25,KL Sentral,KLCC,1697
2026-03-25,KL Sentral,Masjid Jamek,498
2026-03-25,KL Sentral,Pasar Seni,933
2026-03-25,KLCC,Bukit Bintang,12
2026-03-25,KLCC,KL Sentral,1628
2026-03-25,KLCC,KLCC,284
2026-03-25,KLCC,Masjid Jamek,354
2026-03-25,KLCC,Pasar Seni,895
2026-03-25,Masjid Jamek,Bukit Bintang,14
2026-03-25,Masjid Jamek,KL Sentral,465
2026-03-25,Masjid Jamek,KLCC,428
2026-03-25,Masjid Jamek,Masjid Jamek,144
2026-03-25,Masjid Jamek,Pasar Seni,133
2026-03-25,Pasar Seni,Bukit Bintang,0
2026-03-25,Pasar Seni,KL Sentral,973
2026-03-25,Pasar Seni,KLCC,803
2026-03-25,Pasar Seni,Masjid Jamek,120
2026-03-25,Pasar Seni,Pasar Seni,357
2026-03-26,Bukit Bintang,Bukit Bintang,259
2026-03-26,Bukit Bintang,KL Sentral,2
2026-03-26,Bukit Bintang,KLCC,14
2026-03-26,Bukit Bintang,Masjid Jamek,3
2026-03-26,Bukit Bintang,Pasar Seni,5
2026-03-26,KL Sentral,Bukit Bintang,0
2026-03-26,KL Sentral,KL Sentral,319
2026-03-26,KL Sentral,KLCC,1799
2026-03-26,KL Sentral,Masjid Jamek,456
2026-03-26,KL Sentral,Pasar Seni,1104
2026-03-26,KLCC,Bukit Bintang,8
2026-03-26,KLCC,KL Sentral,1548
2026-03-26,KLCC,KLCC,241
2026-03-26,KLCC,Masjid Jamek,347
2026-03-26,KLCC,Pasar Seni,979
2026-03-26,Masjid Jamek,Bukit Bintang,21
2026-03-26,Masjid Jamek,KL Sentral,480
2026-03-26,Masjid Jamek,KLCC,414
2026-03-26,Masjid Jamek,Masjid Jamek,197
2026-03-26,Masjid Jamek,Pasar Seni,117
2026-03-26,Pasar Seni,Bukit Bintang,1
2026-03-26,Pasar Seni,KL Sentral,1037
2026-03-26,Pasar Seni,KLCC,784
2026-03-26,Pasar Seni,Masjid Jamek,133
2026-03-26,Pasar Seni,Pasar Seni,393
2026-03-27,Bukit Bintang,Bukit Bintang,243
2026-03-27,Bukit Bintang,KL Sentral,0
2026-03-27,Bukit Bintang,KLCC,19
2026-03-27,Bukit Bintang,Masjid Jamek,0
2026-03-27,Bukit Bintang,Pasar Seni,0
2026-03-27,KL Sentral,Bukit Bintang,1
2026-03-27,KL Sentral,KL Sentral,286
2026-03-27,KL Sentral,KLCC,1659
2026-03-27,KL Sentral,Masjid Jamek,462
2026-03-27,KL Sentral,Pasar Seni,1162
2026-03-27,KLCC,Bukit Bintang,6
2026-03-27,KLCC,KL Sentral,1596
2026-03-27,KLCC,KLCC,245
2026-03-27,KLCC,Masjid Jamek,496
2026-03-27,KLCC,Pasar Seni,928
2026-03-27,Masjid Jamek,Bukit Bintang,13
2026-03-27,Masjid Jamek,KL Sentral,484
2026-03-27,Masjid Jamek,KLCC,595
2026-03-27,Masjid Jamek,Masjid Jamek,186
2026-03-27,Masjid Jamek,Pasar Seni,172
2026-03-27,Pasar Seni,Bukit Bintang,6
2026-03-27,Pasar Seni,KL Sentral,1165
2026-03-27,Pasar Seni,KLCC,825
2026-03-27,Pasar Seni,Masjid Jamek,153
2026-03-27,Pasar Seni,Pasar Seni,481
2026-03-28,Bukit Bintang,Bukit Bintang,325
2026-03-28,Bukit Bintang,KL Sentral,1
2026-03-28,Bukit Bintang,KLCC,7
2026-03-28,Bukit Bintang,Masjid Jamek,0
2026-03-28,Bukit Bintang,Pasar Seni,13
2026-03-28,KL Sentral,Bukit Bintang,0
2026-03-28,KL Sentral,KL Sentral,251
2026-03-28,KL Sentral,KLCC,1294
2026-03-28,KL Sentral,Masjid Jamek,250
2026-03-28,KL Sentral,Pasar Seni,1039
2026-03-28,KLCC,Bukit Bintang,10
2026-03-28,KLCC,KL Sentral,1073
2026-03-28,KLCC,KLCC,154
2026-03-28,KLCC,Masjid Jamek,205
2026-03-28,KLCC,Pasar Seni,807
2026-03-28,Masjid Jamek,Bukit Bintang,23
2026-03-28,Masjid Jamek,KL Sentral,267
2026-03-28,Masjid Jamek,KLCC,222
2026-03-28,Masjid Jamek,Masjid Jamek,107
2026-03-28,Masjid Jamek,Pasar Seni,91
2026-03-28,Pasar Seni,Bukit Bintang,1
2026-03-28,Pasar Seni,KL Sentral,975
2026-03-28,Pasar Seni,KLCC,758
2026-03-28,Pasar Seni,Masjid Jamek,84
2026-03-28,Pasar Seni,Pasar Seni,380
2026-03-29,Bukit Bintang,Bukit Bintang,243
2026-03-29,Bukit Bintang,KL Sentral,0
2026-03-29,Bukit Bintang,KLCC,4
2026-03-29,Bukit Bintang,Masjid Jamek,1
2026-03-29,Bukit Bintang,Pasar Seni,1
2026-03-29,KL Sentral,Bukit Bintang,0
2026-03-29,KL Sentral,KL Sentral,244
2026-03-29,KL Sentral,KLCC,1096
2026-03-29,KL Sentral,Masjid Jamek,268
2026-03-29,KL Sentral,Pasar Seni,934
2026-03-29,KLCC,Bukit Bintang,4
2026-03-29,KLCC,KL Sentral,1053
2026-03-29,KLCC,KLCC,182
2026-03-29,KLCC,Masjid Jamek,295
2026-03-29,KLCC,Pasar Seni,777
2026-03-29,Masjid Jamek,Bukit Bintang,22
2026-03-29,Masjid Jamek,KL Sentral,257
2026-03-29,Masjid Jamek,KLCC,277
2026-03-29,Masjid Jamek,Masjid Jamek,123
2026-03-29,Masjid Jamek,Pasar Seni,52
2026-03-29,Pasar Seni,Bukit Bintang,1
2026-03-29,Pasar Seni,KL Sentral,1007
2026-03-29,Pasar Seni,KLCC,844
2026-03-29,Pasar Seni,Masjid Jamek,58
2026-03-29,Pasar Seni,Pasar Seni,419
2026-03-30,Bukit Bintang,Bukit Bintang,247
2026-03-30,Bukit Bintang,KL Sentral,1
2026-03-30,Bukit Bintang,KLCC,0
2026-03-30,Bukit Bintang,Masjid Jamek,1
2026-03-30,Bukit Bintang,Pasar Seni,3
2026-03-30,KL Sentral,Bukit Bintang,2
2026-03-30,KL Sentral,KL Sentral,267
2026-03-30,KL Sentral,KLCC,1565
2026-03-30,KL Sentral,Masjid Jamek,462
2026-03-30,KL Sentral,Pasar Seni,1048
2026-03-30,KLCC,Bukit Bintang,5
2026-03-30,KLCC,KL Sentral,1474
2026-03-30,KLCC,KLCC,221
2026-03-30,KLCC,Masjid Jamek,341
2026-03-30,KLCC,Pasar Seni,682
2026-03-30,Masjid Jamek,Bukit Bintang,18
2026-03-30,Masjid Jamek,KL Sentral,513
2026-03-30,Masjid Jamek,KLCC,406
2026-03-30,Masjid Jamek,Masjid Jamek,171
2026-03-30,Masjid Jamek,Pasar Seni,101
2026-03-30,Pasar Seni,Bukit Bintang,0
2026-03-30,Pasar Seni,KL Sentral,925
2026-03-30,Pasar Seni,KLCC,540
2026-03-30,Pasar Seni,Masjid Jamek,116
2026-03-30,Pasar Seni,Pasar Seni,411
2026-03-31,Bukit Bintang,Bukit Bintang,184
2026-03-31,Bukit Bintang,KL Sentral,0
2026-03-31,Bukit Bintang,KLCC,1
2026-03-31,Bukit Bintang,Masjid Jamek,0
2026-03-31,Bukit Bintang,Pasar Seni,2
2026-03-31,KL Sentral,Bukit Bintang,0
2026-03-31,KL Sentral,KL Sentral,907
2026-03-31,KL Sentral,KLCC,1701
2026-03-31,KL Sentral,Masjid Jamek,510
2026-03-31,KL Sentral,Pasar Seni,932
2026-03-31,KLCC,Bukit Bintang,5
2026-03-31,KLCC,KL Sentral,1561
2026-03-31,KLCC,KLCC,1009
2026-03-31,KLCC,Masjid Jamek,327
2026-03-31,KLCC,Pasar Seni,771
2026-03-31,Masjid Jamek,Bukit Bintang,17
2026-03-31,Masjid Jamek,KL Sentral,562
2026-03-31,Masjid Jamek,KLCC,469
2026-03-31,Masjid Jamek,Masjid Jamek,195
2026-03-31,Masjid Jamek,Pasar Seni,126
2026-03-31,Pasar Seni,Bukit Bintang,0
2026-03-31,Pasar Seni,KL Sentral,920
2026-03-31,Pasar Seni,KLCC,685
2026-03-31,Pasar Seni,Masjid Jamek,115
2026-03-31,Pasar Seni,Pasar Seni,412
2026-04-01,Bukit Bintang,Bukit Bintang,252
2026-04-01,Bukit Bintang,KL Sentral,0
2026-04-01,Bukit Bintang,KLCC,10
2026-04-01,Bukit Bintang,Masjid Jamek,1
2026-04-01,Bukit Bintang,Pasar Seni,0
2026-04-01,KL Sentral,Bukit Bintang,0
2026-04-01,KL Sentral,KL Sentral,456
2026-04-01,KL Sentral,KLCC,1872
2026-04-01,KL Sentral,Masjid Jamek,480
2026-04-01,KL Sentral,Pasar Seni,944
2026-04-01,KLCC,Bukit Bintang,4
2026-04-01,KLCC,KL Sentral,1617
2026-04-01,KLCC,KLCC,182
2026-04-01,KLCC,Masjid Jamek,338
2026-04-01,KLCC,Pasar Seni,787
2026-04-01,Masjid Jamek,Bukit Bintang,16
2026-04-01,Masjid Jamek,KL Sentral,583
2026-04-01,Masjid Jamek,KLCC,475
2026-04-01,Masjid Jamek,Masjid Jamek,237
2026-04-01,Masjid Jamek,Pasar Seni,129
2026-04-01,Pasar Seni,Bukit Bintang,4
2026-04-01,Pasar Seni,KL Sentral,890
2026-04-01,Pasar Seni,KLCC,704
2026-04-01,Pasar Seni,Masjid Jamek,117
2026-04-01,Pasar Seni,Pasar Seni,428
2026-04-02,Bukit Bintang,Bukit Bintang,222
2026-04-02,Bukit Bintang,KL Sentral,0
2026-04-02,Bukit Bintang,KLCC,5
2026-04-02,Bukit Bintang,Masjid Jamek,3
2026-04-02,Bukit Bintang,Pasar Seni,9
2026-04-02,KL Sentral,Bukit Bintang,0
2026-04-02,KL Sentral,KL Sentral,326
2026-04-02,KL Sentral,KLCC,1928
2026-04-02,KL Sentral,Masjid Jamek,544
2026-04-02,KL Sentral,Pasar Seni,1065
2026-04-02,KLCC,Bukit Bintang,8
2026-04-02,KLCC,KL Sentral,1788
2026-04-02,KLCC,KLCC,278
2026-04-02,KLCC,Masjid Jamek,449
2026-04-02,KLCC,Pasar Seni,809
2026-04-02,Masjid Jamek,Bukit Bintang,21
2026-04-02,Masjid Jamek,KL Sentral,602
2026-04-02,Masjid Jamek,KLCC,510
2026-04-02,Masjid Jamek,Masjid Jamek,197
2026-04-02,Masjid Jamek,Pasar Seni,135
2026-04-02,Pasar Seni,Bukit Bintang,1
2026-04-02,Pasar Seni,KL Sentral,984
2026-04-02,Pasar Seni,KLCC,816
2026-04-02,Pasar Seni,Masjid Jamek,110
2026-04-02,Pasar Seni,Pasar Seni,357
2026-04-03,Bukit Bintang,Bukit Bintang,324
2026-04-03,Bukit Bintang,KL Sentral,0
2026-04-03,Bukit Bintang,KLCC,2
2026-04-03,Bukit Bintang,Masjid Jamek,2
2026-04-03,Bukit Bintang,Pasar Seni,10
2026-04-03,KL Sentral,Bukit Bintang,4
2026-04-03,KL Sentral,KL Sentral,1193
2026-04-03,KL Sentral,KLCC,1923
2026-04-03,KL Sentral,Masjid Jamek,588
2026-04-03,KL Sentral,Pasar Seni,1301
2026-04-03,KLCC,Bukit Bintang,12
2026-04-03,KLCC,KL Sentral,1808
2026-04-03,KLCC,KLCC,385
2026-04-03,KLCC,Masjid Jamek,581
2026-04-03,KLCC,Pasar Seni,980
2026-04-03,Masjid Jamek,Bukit Bintang,30
2026-04-03,Masjid Jamek,KL Sentral,624
2026-04-03,Masjid Jamek,KLCC,677
2026-04-03,Masjid Jamek,Masjid Jamek,202
2026-04-03,Masjid Jamek,Pasar Seni,189
2026-04-03,Pasar Seni,Bukit Bintang,1
2026-04-03,Pasar Seni,KL Sentral,1315
2026-04-03,Pasar Seni,KLCC,843
2026-04-03,Pasar Seni,Masjid Jamek,167
2026-04-03,Pasar Seni,Pasar Seni,525
2026-04-04,Bukit Bintang,Bukit Bintang,336
2026-04-04,Bukit Bintang,KL Sentral,3
2026-04-04,Bukit Bintang,KLCC,4
2026-04-04,Bukit Bintang,Masjid Jamek,3
2026-04-04,Bukit Bintang,Pasar Seni,8
2026-04-04,KL Sentral,Bukit Bintang,1
2026-04-04,KL Sentral,KL Sentral,275
2026-04-04,KL Sentral,KLCC,1502
2026-04-04,KL Sentral,Masjid Jamek,342
2026-04-04,KL Sentral,Pasar Seni,1575
2026-04-04,KLCC,Bukit Bintang,8
2026-04-04,KLCC,KL Sentral,1357
2026-04-04,KLCC,KLCC,199
2026-04-04,KLCC,Masjid Jamek,309
2026-04-04,KLCC,Pasar Seni,1011
2026-04-04,Masjid Jamek,Bukit Bintang,24
2026-04-04,Masjid Jamek,KL Sentral,306
2026-04-04,Masjid Jamek,KLCC,320
2026-04-04,Masjid Jamek,Masjid Jamek,115
2026-04-04,Masjid Jamek,Pasar Seni,95
2026-04-04,Pasar Seni,Bukit Bintang,1
2026-04-04,Pasar Seni,KL Sentral,1383
2026-04-04,Pasar Seni,KLCC,1040
2026-04-04,Pasar Seni,Masjid Jamek,102
2026-04-04,Pasar Seni,Pasar Seni,446
2026-04-05,Bukit Bintang,Bukit Bintang,313
2026-04-05,Bukit Bintang,KL Sentral,3
2026-04-05,Bukit Bintang,KLCC,5
2026-04-05,Bukit Bintang,Masjid Jamek,4
2026-04-05,Bukit Bintang,Pasar Seni,8
2026-04-05,KL Sentral,Bukit Bintang,1
2026-04-05,KL Sentral,KL Sentral,294
2026-04-05,KL Sentral,KLCC,1321
2026-04-05,KL Sentral,Masjid Jamek,280
2026-04-05,KL Sentral,Pasar Seni,1264
2026-04-05,KLCC,Bukit Bintang,6
2026-04-05,KLCC,KL Sentral,1254
2026-04-05,KLCC,KLCC,180
2026-04-05,KLCC,Masjid Jamek,401
2026-04-05,KLCC,Pasar Seni,925
2026-04-05,Masjid Jamek,Bukit Bintang,45
2026-04-05,Masjid Jamek,KL Sentral,384
2026-04-05,Masjid Jamek,KLCC,344
2026-04-05,Masjid Jamek,Masjid Jamek,137
2026-04-05,Masjid Jamek,Pasar Seni,106
2026-04-05,Pasar Seni,Bukit Bintang,2
2026-04-05,Pasar Seni,KL Sentral,1470
2026-04-05,Pasar Seni,KLCC,924
2026-04-05,Pasar Seni,Masjid Jamek,113
2026-04-05,Pasar Seni,Pasar Seni,464
2026-04-06,Bukit Bintang,Bukit Bintang,260
2026-04-06,Bukit Bintang,KL Sentral,0
2026-04-06,Bukit Bintang,KLCC,3
2026-04-06,Bukit Bintang,Masjid Jamek,1
2026-04-06,Bukit Bintang,Pasar Seni,1
2026-04-06,KL Sentral,Bukit Bintang,0
2026-04-06,KL Sentral,KL Sentral,449
2026-04-06,KL Sentral,KLCC,1634
2026-04-06,KL Sentral,Masjid Jamek,529
2026-04-06,KL Sentral,Pasar Seni,930
2026-04-06,KLCC,Bukit Bintang,4
2026-04-06,KLCC,KL Sentral,1555
2026-04-06,KLCC,KLCC,471
2026-04-06,KLCC,Masjid Jamek,370
2026-04-06,KLCC,Pasar Seni,820
2026-04-06,Masjid Jamek,Bukit Bintang,18
2026-04-06,Masjid Jamek,KL Sentral,555
2026-04-06,Masjid Jamek,KLCC,454
2026-04-06,Masjid Jamek,Masjid Jamek,177
2026-04-06,Masjid Jamek,Pasar Seni,124
2026-04-06,Pasar Seni,Bukit Bintang,1
2026-04-06,Pasar Seni,KL Sentral,936
2026-04-06,Pasar Seni,KLCC,695
2026-04-06,Pasar Seni,Masjid Jamek,104
2026-04-06,Pasar Seni,Pasar Seni,368
2026-04-07,Bukit Bintang,Bukit Bintang,254
2026-04-07,Bukit Bintang,KL Sentral,1
2026-04-07,Bukit Bintang,KLCC,6
2026-04-07,Bukit Bintang,Masjid Jamek,0
2026-04-07,Bukit Bintang,Pasar Seni,1
2026-04-07,KL Sentral,Bukit Bintang,4
2026-04-07,KL Sentral,KL Sentral,306
2026-04-07,KL Sentral,KLCC,1798
2026-04-07,KL Sentral,Masjid Jamek,468
2026-04-07,KL Sentral,Pasar Seni,886
2026-04-07,KLCC,Bukit Bintang,1
2026-04-07,KLCC,KL Sentral,1632
2026-04-07,KLCC,KLCC,229
2026-04-07,KLCC,Masjid Jamek,424
2026-04-07,KLCC,Pasar Seni,743
2026-04-07,Masjid Jamek,Bukit Bintang,31
2026-04-07,Masjid Jamek,KL Sentral,583
2026-04-07,Masjid Jamek,KLCC,529
2026-04-07,Masjid Jamek,Masjid Jamek,165
2026-04-07,Masjid Jamek,Pasar Seni,153
2026-04-07,Pasar Seni,Bukit Bintang,1
2026-04-07,Pasar Seni,KL Sentral,925
2026-04-07,Pasar Seni,KLCC,724
2026-04-07,Pasar Seni,Masjid Jamek,120
2026-04-07,Pasar Seni,Pasar Seni,407
2026-04-08,Bukit Bintang,Bukit Bintang,254
2026-04-08,Bukit Bintang,KL Sentral,0
2026-04-08,Bukit Bintang,KLCC,7
2026-04-08,Bukit Bintang,Masjid Jamek,11
2026-04-08,Bukit Bintang,Pasar Seni,4
2026-04-08,KL Sentral,Bukit Bintang,2
2026-04-08,KL Sentral,KL Sentral,307
2026-04-08,KL Sentral,KLCC,1821
2026-04-08,KL Sentral,Masjid Jamek,535
2026-04-08,KL Sentral,Pasar Seni,997
2026-04-08,KLCC,Bukit Bintang,7
2026-04-08,KLCC,KL Sentral,1707
2026-04-08,KLCC,KLCC,397
2026-04-08,KLCC,Masjid Jamek,402
2026-04-08,KLCC,Pasar Seni,896
2026-04-08,Masjid Jamek,Bukit Bintang,24
2026-04-08,Masjid Jamek,KL Sentral,569
2026-04-08,Masjid Jamek,KLCC,502
2026-04-08,Masjid Jamek,Masjid Jamek,194
2026-04-08,Masjid Jamek,Pasar Seni,127
2026-04-08,Pasar Seni,Bukit Bintang,1
2026-04-08,Pasar Seni,KL Sentral,977
2026-04-08,Pasar Seni,KLCC,650
2026-04-08,Pasar Seni,Masjid Jamek,107
2026-04-08,Pasar Seni,Pasar Seni,432
2026-04-09,Bukit Bintang,Bukit Bintang,292
2026-04-09,Bukit Bintang,KL Sentral,0
2026-04-09,Bukit Bintang,KLCC,0
2026-04-09,Bukit Bintang,Masjid Jamek,1
2026-04-09,Bukit Bintang,Pasar Seni,5
2026-04-09,KL Sentral,Bukit Bintang,3
2026-04-09,KL Sentral,KL Sentral,368
2026-04-09,KL Sentral,KLCC,1880
2026-04-09,KL Sentral,Masjid Jamek,571
2026-04-09,KL Sentral,Pasar Seni,970
2026-04-09,KLCC,Bukit Bintang,6
2026-04-09,KLCC,KL Sentral,1706
2026-04-09,KLCC,KLCC,247
2026-04-09,KLCC,Masjid Jamek,396
2026-04-09,KLCC,Pasar Seni,961
2026-04-09,Masjid Jamek,Bukit Bintang,29
2026-04-09,Masjid Jamek,KL Sentral,624
2026-04-09,Masjid Jamek,KLCC,515
2026-04-09,Masjid Jamek,Masjid Jamek,200
2026-04-09,Masjid Jamek,Pasar Seni,150
2026-04-09,Pasar Seni,Bukit Bintang,2
2026-04-09,Pasar Seni,KL Sentral,972
2026-04-09,Pasar Seni,KLCC,750
2026-04-09,Pasar Seni,Masjid Jamek,149
2026-04-09,Pasar Seni,Pasar Seni,397
2026-04-10,Bukit Bintang,Bukit Bintang,260
2026-04-10,Bukit Bintang,KL Sentral,0
2026-04-10,Bukit Bintang,KLCC,14
2026-04-10,Bukit Bintang,Masjid Jamek,3
2026-04-10,Bukit Bintang,Pasar Seni,19
2026-04-10,KL Sentral,Bukit Bintang,0
2026-04-10,KL Sentral,KL Sentral,341
2026-04-10,KL Sentral,KLCC,1718
2026-04-10,KL Sentral,Masjid Jamek,556
2026-04-10,KL Sentral,Pasar Seni,1256
2026-04-10,KLCC,Bukit Bintang,20
2026-04-10,KLCC,KL Sentral,1651
2026-04-10,KLCC,KLCC,234
2026-04-10,KLCC,Masjid Jamek,486
2026-04-10,KLCC,Pasar Seni,921
2026-04-10,Masjid Jamek,Bukit Bintang,15
2026-04-10,Masjid Jamek,KL Sentral,599
2026-04-10,Masjid Jamek,KLCC,594
2026-04-10,Masjid Jamek,Masjid Jamek,170
2026-04-10,Masjid Jamek,Pasar Seni,168
2026-04-10,Pasar Seni,Bukit Bintang,4
2026-04-10,Pasar Seni,KL Sentral,1204
2026-04-10,Pasar Seni,KLCC,732
2026-04-10,Pasar Seni,Masjid Jamek,162
2026-04-10,Pasar Seni,Pasar Seni,438
2026-04-11,Bukit Bintang,Bukit Bintang,389
2026-04-11,Bukit Bintang,KL Sentral,1
2026-04-11,Bukit Bintang,KLCC,8
2026-04-11,Bukit Bintang,Masjid Jamek,4
2026-04-11,Bukit Bintang,Pasar Seni,7
2026-04-11,KL Sentral,Bukit Bintang,0
2026-04-11,KL Sentral,KL Sentral,267
2026-04-11,KL Sentral,KLCC,1469
2026-04-11,KL Sentral,Masjid Jamek,306
2026-04-11,KL Sentral,Pasar Seni,1425
2026-04-11,KLCC,Bukit Bintang,2
2026-04-11,KLCC,KL Sentral,1316
2026-04-11,KLCC,KLCC,184
2026-04-11,KLCC,Masjid Jamek,279
2026-04-11,KLCC,Pasar Seni,1075
2026-04-11,Masjid Jamek,Bukit Bintang,20
2026-04-11,Masjid Jamek,KL Sentral,274
2026-04-11,Masjid Jamek,KLCC,264
2026-04-11,Masjid Jamek,Masjid Jamek,115
2026-04-11,Masjid Jamek,Pasar Seni,104
2026-04-11,Pasar Seni,Bukit Bintang,3
2026-04-11,Pasar Seni,KL Sentral,1315
2026-04-11,Pasar Seni,KLCC,998
2026-04-11,Pasar Seni,Masjid Jamek,122
2026-04-11,Pasar Seni,Pasar Seni,513
2026-04-12,Bukit Bintang,Bukit Bintang,409
2026-04-12,Bukit Bintang,KL Sentral,0
2026-04-12,Bukit Bintang,KLCC,6
2026-04-12,Bukit Bintang,Masjid Jamek,6
2026-04-12,Bukit Bintang,Pasar Seni,4
2026-04-12,KL Sentral,Bukit Bintang,0
2026-04-12,KL Sentral,KL Sentral,256
2026-04-12,KL Sentral,KLCC,1172
2026-04-12,KL Sentral,Masjid Jamek,318
2026-04-12,KL Sentral,Pasar Seni,1333
2026-04-12,KLCC,Bukit Bintang,9
2026-04-12,KLCC,KL Sentral,1157
2026-04-12,KLCC,KLCC,167
2026-04-12,KLCC,Masjid Jamek,405
2026-04-12,KLCC,Pasar Seni,1029
2026-04-12,Masjid Jamek,Bukit Bintang,25
2026-04-12,Masjid Jamek,KL Sentral,308
2026-04-12,Masjid Jamek,KLCC,400
2026-04-12,Masjid Jamek,Masjid Jamek,170
2026-04-12,Masjid Jamek,Pasar Seni,102
2026-04-12,Pasar Seni,Bukit Bintang,8
2026-04-12,Pasar Seni,KL Sentral,1417
2026-04-12,Pasar Seni,KLCC,929
2026-04-12,Pasar Seni,Masjid Jamek,100
2026-04-12,Pasar Seni,Pasar Seni,499
2026-04-13,Bukit Bintang,Bukit Bintang,234
2026-04-13,Bukit Bintang,KL Sentral,0
2026-04-13,Bukit Bintang,KLCC,5
2026-04-13,Bukit Bintang,Masjid Jamek,0
2026-04-13,Bukit Bintang,Pasar Seni,0
2026-04-13,KL Sentral,Bukit Bintang,2
2026-04-13,KL Sentral,KL Sentral,357
2026-04-13,KL Sentral,KLCC,1633
2026-04-13,KL Sentral,Masjid Jamek,499
2026-04-13,KL Sentral,Pasar Seni,973
2026-04-13,KLCC,Bukit Bintang,6
2026-04-13,KLCC,KL Sentral,1512
2026-04-13,KLCC,KLCC,152
2026-04-13,KLCC,Masjid Jamek,398
2026-04-13,KLCC,Pasar Seni,708
2026-04-13,Masjid Jamek,Bukit Bintang,14
2026-04-13,Masjid Jamek,KL Sentral,590
2026-04-13,Masjid Jamek,KLCC,560
2026-04-13,Masjid Jamek,Masjid Jamek,166
2026-04-13,Masjid Jamek,Pasar Seni,145
2026-04-13,Pasar Seni,Bukit Bintang,0
2026-04-13,Pasar Seni,KL Sentral,999
2026-04-13,Pasar Seni,KLCC,650
2026-04-13,Pasar Seni,Masjid Jamek,114
2026-04-13,Pasar Seni,Pasar Seni,384
2026-04-14,Bukit Bintang,Bukit Bintang,250
2026-04-14,Bukit Bintang,KL Sentral,0
2026-04-14,Bukit Bintang,KLCC,4
2026-04-14,Bukit Bintang,Masjid Jamek,1
2026-04-14,Bukit Bintang,Pasar Seni,2
2026-04-14,KL Sentral,Bukit Bintang,6
2026-04-14,KL Sentral,KL Sentral,312
2026-04-14,KL Sentral,KLCC,1706
2026-04-14,KL Sentral,Masjid Jamek,494
2026-04-14,KL Sentral,Pasar Seni,944
2026-04-14,KLCC,Bukit Bintang,5
2026-04-14,KLCC,KL Sentral,1646
2026-04-14,KLCC,KLCC,187
2026-04-14,KLCC,Masjid Jamek,328
2026-04-14,KLCC,Pasar Seni,662
2026-04-14,Masjid Jamek,Bukit Bintang,20
2026-04-14,Masjid Jamek,KL Sentral,578
2026-04-14,Masjid Jamek,KLCC,445
2026-04-14,Masjid Jamek,Masjid Jamek,186
2026-04-14,Masjid Jamek,Pasar Seni,135
2026-04-14,Pasar Seni,Bukit Bintang,1
2026-04-14,Pasar Seni,KL Sentral,982
2026-04-14,Pasar Seni,KLCC,609
2026-04-14,Pasar Seni,Masjid Jamek,126
2026-04-14,Pasar Seni,Pasar Seni,368
2026-04-15,Bukit Bintang,Bukit Bintang,250
2026-04-15,Bukit Bintang,KL Sentral,0
2026-04-15,Bukit Bintang,KLCC,7
2026-04-15,Bukit Bintang,Masjid Jamek,1
2026-04-15,Bukit Bintang,Pasar Seni,3
2026-04-15,KL Sentral,Bukit Bintang,1
2026-04-15,KL Sentral,KL Sentral,372
2026-04-15,KL Sentral,KLCC,1788
2026-04-15,KL Sentral,Masjid Jamek,540
2026-04-15,KL Sentral,Pasar Seni,1033
2026-04-15,KLCC,Bukit Bintang,10
2026-04-15,KLCC,KL Sentral,1692
2026-04-15,KLCC,KLCC,225
2026-04-15,KLCC,Masjid Jamek,351
2026-04-15,KLCC,Pasar Seni,777
2026-04-15,Masjid Jamek,Bukit Bintang,11
2026-04-15,Masjid Jamek,KL Sentral,542
2026-04-15,Masjid Jamek,KLCC,479
2026-04-15,Masjid Jamek,Masjid Jamek,186
2026-04-15,Masjid Jamek,Pasar Seni,136
2026-04-15,Pasar Seni,Bukit Bintang,1
2026-04-15,Pasar Seni,KL Sentral,1052
2026-04-15,Pasar Seni,KLCC,758
2026-04-15,Pasar Seni,Masjid Jamek,121
2026-04-15,Pasar Seni,Pasar Seni,420
2026-04-16,Bukit Bintang,Bukit Bintang,229
2026-04-16,Bukit Bintang,KL Sentral,0
2026-04-16,Bukit Bintang,KLCC,1
2026-04-16,Bukit Bintang,Masjid Jamek,1
2026-04-16,Bukit Bintang,Pasar Seni,1
2026-04-16,KL Sentral,Bukit Bintang,1
2026-04-16,KL Sentral,KL Sentral,298
2026-04-16,KL Sentral,KLCC,1658
2026-04-16,KL Sentral,Masjid Jamek,507
2026-04-16,KL Sentral,Pasar Seni,1029
2026-04-16,KLCC,Bukit Bintang,3
2026-04-16,KLCC,KL Sentral,1782
2026-04-16,KLCC,KLCC,221
2026-04-16,KLCC,Masjid Jamek,343
2026-04-16,KLCC,Pasar Seni,805
2026-04-16,Masjid Jamek,Bukit Bintang,18
2026-04-16,Masjid Jamek,KL Sentral,549
2026-04-16,Masjid Jamek,KLCC,498
2026-04-16,Masjid Jamek,Masjid Jamek,168
2026-04-16,Masjid Jamek,Pasar Seni,144
2026-04-16,Pasar Seni,Bukit Bintang,0
2026-04-16,Pasar Seni,KL Sentral,1039
2026-04-16,Pasar Seni,KLCC,735
2026-04-16,Pasar Seni,Masjid Jamek,126
2026-04-16,Pasar Seni,Pasar Seni,418
2026-04-17,Bukit Bintang,Bukit Bintang,302
2026-04-17,Bukit Bintang,KL Sentral,0
2026-04-17,Bukit Bintang,KLCC,6
2026-04-17,Bukit Bintang,Masjid Jamek,1
2026-04-17,Bukit Bintang,Pasar Seni,3
2026-04-17,KL Sentral,Bukit Bintang,3
2026-04-17,KL Sentral,KL Sentral,367
2026-04-17,KL Sentral,KLCC,1630
2026-04-17,KL Sentral,Masjid Jamek,495
2026-04-17,KL Sentral,Pasar Seni,1389
2026-04-17,KLCC,Bukit Bintang,8
2026-04-17,KLCC,KL Sentral,1675
2026-04-17,KLCC,KLCC,233
2026-04-17,KLCC,Masjid Jamek,465
2026-04-17,KLCC,Pasar Seni,788
2026-04-17,Masjid Jamek,Bukit Bintang,15
2026-04-17,Masjid Jamek,KL Sentral,563
2026-04-17,Masjid Jamek,KLCC,628
2026-04-17,Masjid Jamek,Masjid Jamek,194
2026-04-17,Masjid Jamek,Pasar Seni,201
2026-04-17,Pasar Seni,Bukit Bintang,2
2026-04-17,Pasar Seni,KL Sentral,1253
2026-04-17,Pasar Seni,KLCC,740
2026-04-17,Pasar Seni,Masjid Jamek,132
2026-04-17,Pasar Seni,Pasar Seni,516
2026-04-18,Bukit Bintang,Bukit Bintang,365
2026-04-18,Bukit Bintang,KL Sentral,0
2026-04-18,Bukit Bintang,KLCC,14
2026-04-18,Bukit Bintang,Masjid Jamek,0
2026-04-18,Bukit Bintang,Pasar Seni,22
2026-04-18,KL Sentral,Bukit Bintang,0
2026-04-18,KL Sentral,KL Sentral,331
2026-04-18,KL Sentral,KLCC,1335
2026-04-18,KL Sentral,Masjid Jamek,286
2026-04-18,KL Sentral,Pasar Seni,1428
2026-04-18,KLCC,Bukit Bintang,6
2026-04-18,KLCC,KL Sentral,1121
2026-04-18,KLCC,KLCC,179
2026-04-18,KLCC,Masjid Jamek,261
2026-04-18,KLCC,Pasar Seni,851
2026-04-18,Masjid Jamek,Bukit Bintang,23
2026-04-18,Masjid Jamek,KL Sentral,292
2026-04-18,Masjid Jamek,KLCC,245
2026-04-18,Masjid Jamek,Masjid Jamek,124
2026-04-18,Masjid Jamek,Pasar Seni,114
2026-04-18,Pasar Seni,Bukit Bintang,4
2026-04-18,Pasar Seni,KL Sentral,1277
2026-04-18,Pasar Seni,KLCC,968
2026-04-18,Pasar Seni,Masjid Jamek,139
2026-04-18,Pasar Seni,Pasar Seni,451
2026-04-19,Bukit Bintang,Bukit Bintang,323
2026-04-19,Bukit Bintang,KL Sentral,1
2026-04-19,Bukit Bintang,KLCC,5
2026-04-19,Bukit Bintang,Masjid Jamek,0
2026-04-19,Bukit Bintang,Pasar Seni,8
2026-04-19,KL Sentral,Bukit Bintang,0
2026-04-19,KL Sentral,KL Sentral,269
2026-04-19,KL Sentral,KLCC,1184
2026-04-19,KL Sentral,Masjid Jamek,303
2026-04-19,KL Sentral,Pasar Seni,1256
2026-04-19,KLCC,Bukit Bintang,12
2026-04-19,KLCC,KL Sentral,1135
2026-04-19,KLCC,KLCC,179
2026-04-19,KLCC,Masjid Jamek,382
2026-04-19,KLCC,Pasar Seni,900
2026-04-19,Masjid Jamek,Bukit Bintang,30
2026-04-19,Masjid Jamek,KL Sentral,302
2026-04-19,Masjid Jamek,KLCC,304
2026-04-19,Masjid Jamek,Masjid Jamek,148
2026-04-19,Masjid Jamek,Pasar Seni,115
2026-04-19,Pasar Seni,Bukit Bintang,4
2026-04-19,Pasar Seni,KL Sentral,1312
2026-04-19,Pasar Seni,KLCC,952
2026-04-19,Pasar Seni,Masjid Jamek,128
2026-04-19,Pasar Seni,Pasar Seni,458
2026-04-20,Bukit Bintang,Bukit Bintang,252
2026-04-20,Bukit Bintang,KL Sentral,0
2026-04-20,Bukit Bintang,KLCC,2
2026-04-20,Bukit Bintang,Masjid Jamek,2
2026-04-20,Bukit Bintang,Pasar Seni,4
2026-04-20,KL Sentral,Bukit Bintang,1
2026-04-20,KL Sentral,KL Sentral,540
2026-04-20,KL Sentral,KLCC,1621
2026-04-20,KL Sentral,Masjid Jamek,471
2026-04-20,KL Sentral,Pasar Seni,921
2026-04-20,KLCC,Bukit Bintang,8
2026-04-20,KLCC,KL Sentral,1404
2026-04-20,KLCC,KLCC,215
2026-04-20,KLCC,Masjid Jamek,328
2026-04-20,KLCC,Pasar Seni,631
2026-04-20,Masjid Jamek,Bukit Bintang,7
2026-04-20,Masjid Jamek,KL Sentral,572
2026-04-20,Masjid Jamek,KLCC,423
2026-04-20,Masjid Jamek,Masjid Jamek,188
2026-04-20,Masjid Jamek,Pasar Seni,172
2026-04-20,Pasar Seni,Bukit Bintang,0
2026-04-20,Pasar Seni,KL Sentral,918
2026-04-20,Pasar Seni,KLCC,591
2026-04-20,Pasar Seni,Masjid Jamek,144
2026-04-20,Pasar Seni,Pasar Seni,427
2026-04-21,Bukit Bintang,Bukit Bintang,248
2026-04-21,Bukit Bintang,KL Sentral,0
2026-04-21,Bukit Bintang,KLCC,2
2026-04-21,Bukit Bintang,Masjid Jamek,7
2026-04-21,Bukit Bintang,Pasar Seni,0
2026-04-21,KL Sentral,Bukit Bintang,1
2026-04-21,KL Sentral,KL Sentral,304
2026-04-21,KL Sentral,KLCC,1648
2026-04-21,KL Sentral,Masjid Jamek,466
2026-04-21,KL Sentral,Pasar Seni,946
2026-04-21,KLCC,Bukit Bintang,8
2026-04-21,KLCC,KL Sentral,1476
2026-04-21,KLCC,KLCC,161
2026-04-21,KLCC,Masjid Jamek,352
2026-04-21,KLCC,Pasar Seni,672
2026-04-21,Masjid Jamek,Bukit Bintang,9
2026-04-21,Masjid Jamek,KL Sentral,502
2026-04-21,Masjid Jamek,KLCC,448
2026-04-21,Masjid Jamek,Masjid Jamek,198
2026-04-21,Masjid Jamek,Pasar Seni,136
2026-04-21,Pasar Seni,Bukit Bintang,0
2026-04-21,Pasar Seni,KL Sentral,917
2026-04-21,Pasar Seni,KLCC,587
2026-04-21,Pasar Seni,Masjid Jamek,111
2026-04-21,Pasar Seni,Pasar Seni,471
2026-04-22,Bukit Bintang,Bukit Bintang,236
2026-04-22,Bukit Bintang,KL Sentral,0
2026-04-22,Bukit Bintang,KLCC,3
2026-04-22,Bukit Bintang,Masjid Jamek,1
2026-04-22,Bukit Bintang,Pasar Seni,0
2026-04-22,KL Sentral,Bukit Bintang,1
2026-04-22,KL Sentral,KL Sentral,267
2026-04-22,KL Sentral,KLCC,1678
2026-04-22,KL Sentral,Masjid Jamek,507
2026-04-22,KL Sentral,Pasar Seni,927
2026-04-22,KLCC,Bukit Bintang,0
2026-04-22,KLCC,KL Sentral,1567
2026-04-22,KLCC,KLCC,218
2026-04-22,KLCC,Masjid Jamek,356
2026-04-22,KLCC,Pasar Seni,792
2026-04-22,Masjid Jamek,Bukit Bintang,25
2026-04-22,Masjid Jamek,KL Sentral,585
2026-04-22,Masjid Jamek,KLCC,445
2026-04-22,Masjid Jamek,Masjid Jamek,168
2026-04-22,Masjid Jamek,Pasar Seni,141
2026-04-22,Pasar Seni,Bukit Bintang,0
2026-04-22,Pasar Seni,KL Sentral,998
2026-04-22,Pasar Seni,KLCC,686
2026-04-22,Pasar Seni,Masjid Jamek,131
2026-04-22,Pasar Seni,Pasar Seni,390
2026-04-23,Bukit Bintang,Bukit Bintang,307
2026-04-23,Bukit Bintang,KL Sentral,2
2026-04-23,Bukit Bintang,KLCC,9
2026-04-23,Bukit Bintang,Masjid Jamek,1
2026-04-23,Bukit Bintang,Pasar Seni,2
2026-04-23,KL Sentral,Bukit Bintang,0
2026-04-23,KL Sentral,KL Sentral,284
2026-04-23,KL Sentral,KLCC,1647
2026-04-23,KL Sentral,Masjid Jamek,490
2026-04-23,KL Sentral,Pasar Seni,939
2026-04-23,KLCC,Bukit Bintang,5
2026-04-23,KLCC,KL Sentral,1571
2026-04-23,KLCC,KLCC,223
2026-04-23,KLCC,Masjid Jamek,370
2026-04-23,KLCC,Pasar Seni,674
2026-04-23,Masjid Jamek,Bukit Bintang,17
2026-04-23,Masjid Jamek,KL Sentral,537
2026-04-23,Masjid Jamek,KLCC,505
2026-04-23,Masjid Jamek,Masjid Jamek,192
2026-04-23,Masjid Jamek,Pasar Seni,138
2026-04-23,Pasar Seni,Bukit Bintang,0
2026-04-23,Pasar Seni,KL Sentral,1004
2026-04-23,Pasar Seni,KLCC,625
2026-04-23,Pasar Seni,Masjid Jamek,133
2026-04-23,Pasar Seni,Pasar Seni,349
2026-04-24,Bukit Bintang,Bukit Bintang,633
2026-04-24,Bukit Bintang,KL Sentral,2
2026-04-24,Bukit Bintang,KLCC,7
2026-04-24,Bukit Bintang,Masjid Jamek,5
2026-04-24,Bukit Bintang,Pasar Seni,4
2026-04-24,KL Sentral,Bukit Bintang,1
2026-04-24,KL Sentral,KL Sentral,393
2026-04-24,KL Sentral,KLCC,1717
2026-04-24,KL Sentral,Masjid Jamek,496
2026-04-24,KL Sentral,Pasar Seni,1347
2026-04-24,KLCC,Bukit Bintang,13
2026-04-24,KLCC,KL Sentral,1578
2026-04-24,KLCC,KLCC,214
2026-04-24,KLCC,Masjid Jamek,536
2026-04-24,KLCC,Pasar Seni,936
2026-04-24,Masjid Jamek,Bukit Bintang,20
2026-04-24,Masjid Jamek,KL Sentral,613
2026-04-24,Masjid Jamek,KLCC,640
2026-04-24,Masjid Jamek,Masjid Jamek,167
2026-04-24,Masjid Jamek,Pasar Seni,187
2026-04-24,Pasar Seni,Bukit Bintang,8
2026-04-24,Pasar Seni,KL Sentral,1283
2026-04-24,Pasar Seni,KLCC,805
2026-04-24,Pasar Seni,Masjid Jamek,161
2026-04-24,Pasar Seni,Pasar Seni,662
2026-04-25,Bukit Bintang,Bukit Bintang,351
2026-04-25,Bukit Bintang,KL Sentral,1
2026-04-25,Bukit Bintang,KLCC,11
2026-04-25,Bukit Bintang,Masjid Jamek,1
2026-04-25,Bukit Bintang,Pasar Seni,11
2026-04-25,KL Sentral,Bukit Bintang,1
2026-04-25,KL Sentral,KL Sentral,386
2026-04-25,KL Sentral,KLCC,1578
2026-04-25,KL Sentral,Masjid Jamek,235
2026-04-25,KL Sentral,Pasar Seni,1311
2026-04-25,KLCC,Bukit Bintang,1
2026-04-25,KLCC,KL Sentral,1404
2026-04-25,KLCC,KLCC,229
2026-04-25,KLCC,Masjid Jamek,245
2026-04-25,KLCC,Pasar Seni,1109
2026-04-25,Masjid Jamek,Bukit Bintang,8
2026-04-25,Masjid Jamek,KL Sentral,249
2026-04-25,Masjid Jamek,KLCC,314
2026-04-25,Masjid Jamek,Masjid Jamek,116
2026-04-25,Masjid Jamek,Pasar Seni,121
2026-04-25,Pasar Seni,Bukit Bintang,3
2026-04-25,Pasar Seni,KL Sentral,1208
2026-04-25,Pasar Seni,KLCC,977
2026-04-25,Pasar Seni,Masjid Jamek,131
2026-04-25,Pasar Seni,Pasar Seni,441
2026-04-26,Bukit Bintang,Bukit Bintang,338
2026-04-26,Bukit Bintang,KL Sentral,0
2026-04-26,Bukit Bintang,KLCC,5
2026-04-26,Bukit Bintang,Masjid Jamek,2
2026-04-26,Bukit Bintang,Pasar Seni,7
2026-04-26,KL Sentral,Bukit Bintang,0
2026-04-26,KL Sentral,KL Sentral,687
2026-04-26,KL Sentral,KLCC,1314
2026-04-26,KL Sentral,Masjid Jamek,292
2026-04-26,KL Sentral,Pasar Seni,1194
2026-04-26,KLCC,Bukit Bintang,11
2026-04-26,KLCC,KL Sentral,1295
2026-04-26,KLCC,KLCC,205
2026-04-26,KLCC,Masjid Jamek,420
2026-04-26,KLCC,Pasar Seni,1013
2026-04-26,Masjid Jamek,Bukit Bintang,19
2026-04-26,Masjid Jamek,KL Sentral,309
2026-04-26,Masjid Jamek,KLCC,345
2026-04-26,Masjid Jamek,Masjid Jamek,127
2026-04-26,Masjid Jamek,Pasar Seni,133
2026-04-26,Pasar Seni,Bukit Bintang,3
2026-04-26,Pasar Seni,KL Sentral,1469
2026-04-26,Pasar Seni,KLCC,940
2026-04-26,Pasar Seni,Masjid Jamek,82
2026-04-26,Pasar Seni,Pasar Seni,484
2026-04-27,Bukit Bintang,Bukit Bintang,298
2026-04-27,Bukit Bintang,KL Sentral,0
2026-04-27,Bukit Bintang,KLCC,1
2026-04-27,Bukit Bintang,Masjid Jamek,0
2026-04-27,Bukit Bintang,Pasar Seni,1
2026-04-27,KL Sentral,Bukit Bintang,0
2026-04-27,KL Sentral,KL Sentral,283
2026-04-27,KL Sentral,KLCC,1606
2026-04-27,KL Sentral,Masjid Jamek,421
2026-04-27,KL Sentral,Pasar Seni,971
2026-04-27,KLCC,Bukit Bintang,11
2026-04-27,KLCC,KL Sentral,1466
2026-04-27,KLCC,KLCC,283
2026-04-27,KLCC,Masjid Jamek,348
2026-04-27,KLCC,Pasar Seni,696
2026-04-27,Masjid Jamek,Bukit Bintang,12
2026-04-27,Masjid Jamek,KL Sentral,510
2026-04-27,Masjid Jamek,KLCC,420
2026-04-27,Masjid Jamek,Masjid Jamek,187
2026-04-27,Masjid Jamek,Pasar Seni,137
2026-04-27,Pasar Seni,Bukit Bintang,0
2026-04-27,Pasar Seni,KL Sentral,930
2026-04-27,Pasar Seni,KLCC,625
2026-04-27,Pasar Seni,Masjid Jamek,143
2026-04-27,Pasar Seni,Pasar Seni,377
2026-04-28,Bukit Bintang,Bukit Bintang,247
2026-04-28,Bukit Bintang,KL Sentral,0
2026-04-28,Bukit Bintang,KLCC,7
2026-04-28,Bukit Bintang,Masjid Jamek,0
2026-04-28,Bukit Bintang,Pasar Seni,3
2026-04-28,KL Sentral,Bukit Bintang,2
2026-04-28,KL Sentral,KL Sentral,287
2026-04-28,KL Sentral,KLCC,1743
2026-04-28,KL Sentral,Masjid Jamek,455
2026-04-28,KL Sentral,Pasar Seni,964
2026-04-28,KLCC,Bukit Bintang,5
2026-04-28,KLCC,KL Sentral,1665
2026-04-28,KLCC,KLCC,172
2026-04-28,KLCC,Masjid Jamek,338
2026-04-28,KLCC,Pasar Seni,672
2026-04-28,Masjid Jamek,Bukit Bintang,20
2026-04-28,Masjid Jamek,KL Sentral,481
2026-04-28,Masjid Jamek,KLCC,419
2026-04-28,Masjid Jamek,Masjid Jamek,183
2026-04-28,Masjid Jamek,Pasar Seni,133
2026-04-28,Pasar Seni,Bukit Bintang,1
2026-04-28,Pasar Seni,KL Sentral,944
2026-04-28,Pasar Seni,KLCC,598
2026-04-28,Pasar Seni,Masjid Jamek,110
2026-04-28,Pasar Seni,Pasar Seni,425
2026-04-29,Bukit Bintang,Bukit Bintang,282
2026-04-29,Bukit Bintang,KL Sentral,0
2026-04-29,Bukit Bintang,KLCC,12
2026-04-29,Bukit Bintang,Masjid Jamek,1
2026-04-29,Bukit Bintang,Pasar Seni,0
2026-04-29,KL Sentral,Bukit Bintang,0
2026-04-29,KL Sentral,KL Sentral,279
2026-04-29,KL Sentral,KLCC,1905
2026-04-29,KL Sentral,Masjid Jamek,469
2026-04-29,KL Sentral,Pasar Seni,972
2026-04-29,KLCC,Bukit Bintang,10
2026-04-29,KLCC,KL Sentral,1701
2026-04-29,KLCC,KLCC,224
2026-04-29,KLCC,Masjid Jamek,358
2026-04-29,KLCC,Pasar Seni,743
2026-04-29,Masjid Jamek,Bukit Bintang,18
2026-04-29,Masjid Jamek,KL Sentral,564
2026-04-29,Masjid Jamek,KLCC,482
2026-04-29,Masjid Jamek,Masjid Jamek,156
2026-04-29,Masjid Jamek,Pasar Seni,152
2026-04-29,Pasar Seni,Bukit Bintang,0
2026-04-29,Pasar Seni,KL Sentral,932
2026-04-29,Pasar Seni,KLCC,668
2026-04-29,Pasar Seni,Masjid Jamek,128
2026-04-29,Pasar Seni,Pasar Seni,369
2026-04-30,Bukit Bintang,Bukit Bintang,479
2026-04-30,Bukit Bintang,KL Sentral,0
2026-04-30,Bukit Bintang,KLCC,10
2026-04-30,Bukit Bintang,Masjid Jamek,1
2026-04-30,Bukit Bintang,Pasar Seni,7
2026-04-30,KL Sentral,Bukit Bintang,3
2026-04-30,KL Sentral,KL Sentral,338
2026-04-30,KL Sentral,KLCC,1971
2026-04-30,KL Sentral,Masjid Jamek,452
2026-04-30,KL Sentral,Pasar Seni,1117
2026-04-30,KLCC,Bukit Bintang,13
2026-04-30,KLCC,KL Sentral,1826
2026-04-30,KLCC,KLCC,274
2026-04-30,KLCC,Masjid Jamek,440
2026-04-30,KLCC,Pasar Seni,850
2026-04-30,Masjid Jamek,Bukit Bintang,34
2026-04-30,Masjid Jamek,KL Sentral,579
2026-04-30,Masjid Jamek,KLCC,543
2026-04-30,Masjid Jamek,Masjid Jamek,178
2026-04-30,Masjid Jamek,Pasar Seni,170
2026-04-30,Pasar Seni,Bukit Bintang,5
2026-04-30,Pasar Seni,KL Sentral,1136
2026-04-30,Pasar Seni,KLCC,815
2026-04-30,Pasar Seni,Masjid Jamek,151
2026-04-30,Pasar Seni,Pasar Seni,405
2026-05-01,Bukit Bintang,Bukit Bintang,800
2026-05-01,Bukit Bintang,KL Sentral,0
2026-05-01,Bukit Bintang,KLCC,7
2026-05-01,Bukit Bintang,Masjid Jamek,7
2026-05-01,Bukit Bintang,Pasar Seni,5
2026-05-01,KL Sentral,Bukit Bintang,1
2026-05-01,KL Sentral,KL Sentral,336
2026-05-01,KL Sentral,KLCC,1821
2026-05-01,KL Sentral,Masjid Jamek,327
2026-05-01,KL Sentral,Pasar Seni,1774
2026-05-01,KLCC,Bukit Bintang,14
2026-05-01,KLCC,KL Sentral,1577
2026-05-01,KLCC,KLCC,250
2026-05-01,KLCC,Masjid Jamek,414
2026-05-01,KLCC,Pasar Seni,1294
2026-05-01,Masjid Jamek,Bukit Bintang,74
2026-05-01,Masjid Jamek,KL Sentral,338
2026-05-01,Masjid Jamek,KLCC,374
2026-05-01,Masjid Jamek,Masjid Jamek,189
2026-05-01,Masjid Jamek,Pasar Seni,120
2026-05-01,Pasar Seni,Bukit Bintang,10
2026-05-01,Pasar Seni,KL Sentral,1686
2026-05-01,Pasar Seni,KLCC,1349
2026-05-01,Pasar Seni,Masjid Jamek,120
2026-05-01,Pasar Seni,Pasar Seni,655
2026-05-02,Bukit Bintang,Bukit Bintang,683
2026-05-02,Bukit Bintang,KL Sentral,2
2026-05-02,Bukit Bintang,KLCC,17
2026-05-02,Bukit Bintang,Masjid Jamek,1
2026-05-02,Bukit Bintang,Pasar Seni,13
2026-05-02,KL Sentral,Bukit Bintang,4
2026-05-02,KL Sentral,KL Sentral,291
2026-05-02,KL Sentral,KLCC,1864
2026-05-02,KL Sentral,Masjid Jamek,318
2026-05-02,KL Sentral,Pasar Seni,1788
2026-05-02,KLCC,Bukit Bintang,13
2026-05-02,KLCC,KL Sentral,1706
2026-05-02,KLCC,KLCC,213
2026-05-02,KLCC,Masjid Jamek,341
2026-05-02,KLCC,Pasar Seni,1524
2026-05-02,Masjid Jamek,Bukit Bintang,57
2026-05-02,Masjid Jamek,KL Sentral,276
2026-05-02,Masjid Jamek,KLCC,313
2026-05-02,Masjid Jamek,Masjid Jamek,132
2026-05-02,Masjid Jamek,Pasar Seni,139
2026-05-02,Pasar Seni,Bukit Bintang,21
2026-05-02,Pasar Seni,KL Sentral,1805
2026-05-02,Pasar Seni,KLCC,1437
2026-05-02,Pasar Seni,Masjid Jamek,134
2026-05-02,Pasar Seni,Pasar Seni,615
2026-05-03,Bukit Bintang,Bukit Bintang,369
2026-05-03,Bukit Bintang,KL Sentral,1
2026-05-03,Bukit Bintang,KLCC,1
2026-05-03,Bukit Bintang,Masjid Jamek,8
2026-05-03,Bukit Bintang,Pasar Seni,4
2026-05-03,KL Sentral,Bukit Bintang,3
2026-05-03,KL Sentral,KL Sentral,263
2026-05-03,KL Sentral,KLCC,1366
2026-05-03,KL Sentral,Masjid Jamek,332
2026-05-03,KL Sentral,Pasar Seni,1351
2026-05-03,KLCC,Bukit Bintang,4
2026-05-03,KLCC,KL Sentral,1340
2026-05-03,KLCC,KLCC,180
2026-05-03,KLCC,Masjid Jamek,350
2026-05-03,KLCC,Pasar Seni,837
2026-05-03,Masjid Jamek,Bukit Bintang,55
2026-05-03,Masjid Jamek,KL Sentral,324
2026-05-03,Masjid Jamek,KLCC,306
2026-05-03,Masjid Jamek,Masjid Jamek,153
2026-05-03,Masjid Jamek,Pasar Seni,126
2026-05-03,Pasar Seni,Bukit Bintang,6
2026-05-03,Pasar Seni,KL Sentral,1531
2026-05-03,Pasar Seni,KLCC,887
2026-05-03,Pasar Seni,Masjid Jamek,98
2026-05-03,Pasar Seni,Pasar Seni,465
2026-05-04,Bukit Bintang,Bukit Bintang,298
2026-05-04,Bukit Bintang,KL Sentral,0
2026-05-04,Bukit Bintang,KLCC,4
2026-05-04,Bukit Bintang,Masjid Jamek,1
2026-05-04,Bukit Bintang,Pasar Seni,2
2026-05-04,KL Sentral,Bukit Bintang,0
2026-05-04,KL Sentral,KL Sentral,279
2026-05-04,KL Sentral,KLCC,1739
2026-05-04,KL Sentral,Masjid Jamek,496
2026-05-04,KL Sentral,Pasar Seni,1090
2026-05-04,KLCC,Bukit Bintang,9
2026-05-04,KLCC,KL Sentral,1581
2026-05-04,KLCC,KLCC,899
2026-05-04,KLCC,Masjid Jamek,343
2026-05-04,KLCC,Pasar Seni,767
2026-05-04,Masjid Jamek,Bukit Bintang,17
2026-05-04,Masjid Jamek,KL Sentral,542
2026-05-04,Masjid Jamek,KLCC,426
2026-05-04,Masjid Jamek,Masjid Jamek,167
2026-05-04,Masjid Jamek,Pasar Seni,137
2026-05-04,Pasar Seni,Bukit Bintang,4
2026-05-04,Pasar Seni,KL Sentral,1137
2026-05-04,Pasar Seni,KLCC,680
2026-05-04,Pasar Seni,Masjid Jamek,110
2026-05-04,Pasar Seni,Pasar Seni,433
2026-05-05,Bukit Bintang,Bukit Bintang,307
2026-05-05,Bukit Bintang,KL Sentral,0
2026-05-05,Bukit Bintang,KLCC,4
2026-05-05,Bukit Bintang,Masjid Jamek,1
2026-05-05,Bukit Bintang,Pasar Seni,3
2026-05-05,KL Sentral,Bukit Bintang,0
2026-05-05,KL Sentral,KL Sentral,304
2026-05-05,KL Sentral,KLCC,1760
2026-05-05,KL Sentral,Masjid Jamek,465
2026-05-05,KL Sentral,Pasar Seni,918
2026-05-05,KLCC,Bukit Bintang,4
2026-05-05,KLCC,KL Sentral,1657
2026-05-05,KLCC,KLCC,194
2026-05-05,KLCC,Masjid Jamek,415
2026-05-05,KLCC,Pasar Seni,875
2026-05-05,Masjid Jamek,Bukit Bintang,14
2026-05-05,Masjid Jamek,KL Sentral,498
2026-05-05,Masjid Jamek,KLCC,401
2026-05-05,Masjid Jamek,Masjid Jamek,170
2026-05-05,Masjid Jamek,Pasar Seni,124
2026-05-05,Pasar Seni,Bukit Bintang,1
2026-05-05,Pasar Seni,KL Sentral,1029
2026-05-05,Pasar Seni,KLCC,671
2026-05-05,Pasar Seni,Masjid Jamek,126
2026-05-05,Pasar Seni,Pasar Seni,412
2026-05-06,Bukit Bintang,Bukit Bintang,273
2026-05-06,Bukit Bintang,KL Sentral,0
2026-05-06,Bukit Bintang,KLCC,1
2026-05-06,Bukit Bintang,Masjid Jamek,4
2026-05-06,Bukit Bintang,Pasar Seni,1
2026-05-06,KL Sentral,Bukit Bintang,0
2026-05-06,KL Sentral,KL Sentral,324
2026-05-06,KL Sentral,KLCC,1631
2026-05-06,KL Sentral,Masjid Jamek,501
2026-05-06,KL Sentral,Pasar Seni,949
2026-05-06,KLCC,Bukit Bintang,6
2026-05-06,KLCC,KL Sentral,1587
2026-05-06,KLCC,KLCC,272
2026-05-06,KLCC,Masjid Jamek,336
2026-05-06,KLCC,Pasar Seni,725
2026-05-06,Masjid Jamek,Bukit Bintang,37
2026-05-06,Masjid Jamek,KL Sentral,556
2026-05-06,Masjid Jamek,KLCC,422
2026-05-06,Masjid Jamek,Masjid Jamek,148
2026-05-06,Masjid Jamek,Pasar Seni,184
2026-05-06,Pasar Seni,Bukit Bintang,0
2026-05-06,Pasar Seni,KL Sentral,967
2026-05-06,Pasar Seni,KLCC,719
2026-05-06,Pasar Seni,Masjid Jamek,128
2026-05-06,Pasar Seni,Pasar Seni,394
2026-05-07,Bukit Bintang,Bukit Bintang,287
2026-05-07,Bukit Bintang,KL Sentral,3
2026-05-07,Bukit Bintang,KLCC,6
2026-05-07,Bukit Bintang,Masjid Jamek,1
2026-05-07,Bukit Bintang,Pasar Seni,10
2026-05-07,KL Sentral,Bukit Bintang,2
2026-05-07,KL Sentral,KL Sentral,266
2026-05-07,KL Sentral,KLCC,1776
2026-05-07,KL Sentral,Masjid Jamek,474
2026-05-07,KL Sentral,Pasar Seni,994
2026-05-07,KLCC,Bukit Bintang,7
2026-05-07,KLCC,KL Sentral,1788
2026-05-07,KLCC,KLCC,230
2026-05-07,KLCC,Masjid Jamek,425
2026-05-07,KLCC,Pasar Seni,879
2026-05-07,Masjid Jamek,Bukit Bintang,33
2026-05-07,Masjid Jamek,KL Sentral,485
2026-05-07,Masjid Jamek,KLCC,509
2026-05-07,Masjid Jamek,Masjid Jamek,188
2026-05-07,Masjid Jamek,Pasar Seni,161
2026-05-07,Pasar Seni,Bukit Bintang,1
2026-05-07,Pasar Seni,KL Sentral,965
2026-05-07,Pasar Seni,KLCC,785
2026-05-07,Pasar Seni,Masjid Jamek,125
2026-05-07,Pasar Seni,Pasar Seni,385
2026-05-08,Bukit Bintang,Bukit Bintang,396
2026-05-08,Bukit Bintang,KL Sentral,0
2026-05-08,Bukit Bintang,KLCC,6
2026-05-08,Bukit Bintang,Masjid Jamek,2
2026-05-08,Bukit Bintang,Pasar Seni,2
2026-05-08,KL Sentral,Bukit Bintang,2
2026-05-08,KL Sentral,KL Sentral,320
2026-05-08,KL Sentral,KLCC,1729
2026-05-08,KL Sentral,Masjid Jamek,484
2026-05-08,KL Sentral,Pasar Seni,1192
2026-05-08,KLCC,Bukit Bintang,12
2026-05-08,KLCC,KL Sentral,1576
2026-05-08,KLCC,KLCC,279
2026-05-08,KLCC,Masjid Jamek,428
2026-05-08,KLCC,Pasar Seni,792
2026-05-08,Masjid Jamek,Bukit Bintang,25
2026-05-08,Masjid Jamek,KL Sentral,555
2026-05-08,Masjid Jamek,KLCC,525
2026-05-08,Masjid Jamek,Masjid Jamek,185
2026-05-08,Masjid Jamek,Pasar Seni,146
2026-05-08,Pasar Seni,Bukit Bintang,4
2026-05-08,Pasar Seni,KL Sentral,1184
2026-05-08,Pasar Seni,KLCC,711
2026-05-08,Pasar Seni,Masjid Jamek,126
2026-05-08,Pasar Seni,Pasar Seni,541
2026-05-09,Bukit Bintang,Bukit Bintang,393
2026-05-09,Bukit Bintang,KL Sentral,0
2026-05-09,Bukit Bintang,KLCC,2
2026-05-09,Bukit Bintang,Masjid Jamek,2
2026-05-09,Bukit Bintang,Pasar Seni,4
2026-05-09,KL Sentral,Bukit Bintang,2
2026-05-09,KL Sentral,KL Sentral,270
2026-05-09,KL Sentral,KLCC,1419
2026-05-09,KL Sentral,Masjid Jamek,260
2026-05-09,KL Sentral,Pasar Seni,1357
2026-05-09,KLCC,Bukit Bintang,1
2026-05-09,KLCC,KL Sentral,1324
2026-05-09,KLCC,KLCC,226
2026-05-09,KLCC,Masjid Jamek,339
2026-05-09,KLCC,Pasar Seni,1135
2026-05-09,Masjid Jamek,Bukit Bintang,18
2026-05-09,Masjid Jamek,KL Sentral,276
2026-05-09,Masjid Jamek,KLCC,305
2026-05-09,Masjid Jamek,Masjid Jamek,140
2026-05-09,Masjid Jamek,Pasar Seni,96
2026-05-09,Pasar Seni,Bukit Bintang,3
2026-05-09,Pasar Seni,KL Sentral,1331
2026-05-09,Pasar Seni,KLCC,1107
2026-05-09,Pasar Seni,Masjid Jamek,93
2026-05-09,Pasar Seni,Pasar Seni,542
2026-05-10,Bukit Bintang,Bukit Bintang,374
2026-05-10,Bukit Bintang,KL Sentral,0
2026-05-10,Bukit Bintang,KLCC,9
2026-05-10,Bukit Bintang,Masjid Jamek,2
2026-05-10,Bukit Bintang,Pasar Seni,17
2026-05-10,KL Sentral,Bukit Bintang,1
2026-05-10,KL Sentral,KL Sentral,301
2026-05-10,KL Sentral,KLCC,1170
2026-05-10,KL Sentral,Masjid Jamek,294
2026-05-10,KL Sentral,Pasar Seni,1342
2026-05-10,KLCC,Bukit Bintang,6
2026-05-10,KLCC,KL Sentral,1141
2026-05-10,KLCC,KLCC,187
2026-05-10,KLCC,Masjid Jamek,305
2026-05-10,KLCC,Pasar Seni,912
2026-05-10,Masjid Jamek,Bukit Bintang,38
2026-05-10,Masjid Jamek,KL Sentral,287
2026-05-10,Masjid Jamek,KLCC,273
2026-05-10,Masjid Jamek,Masjid Jamek,161
2026-05-10,Masjid Jamek,Pasar Seni,149
2026-05-10,Pasar Seni,Bukit Bintang,3
2026-05-10,Pasar Seni,KL Sentral,1497
2026-05-10,Pasar Seni,KLCC,939
2026-05-10,Pasar Seni,Masjid Jamek,87
2026-05-10,Pasar Seni,Pasar Seni,513
2026-05-11,Bukit Bintang,Bukit Bintang,229
2026-05-11,Bukit Bintang,KL Sentral,0
2026-05-11,Bukit Bintang,KLCC,3
2026-05-11,Bukit Bintang,Masjid Jamek,0
2026-05-11,Bukit Bintang,Pasar Seni,5
2026-05-11,KL Sentral,Bukit Bintang,0
2026-05-11,KL Sentral,KL Sentral,350
2026-05-11,KL Sentral,KLCC,1579
2026-05-11,KL Sentral,Masjid Jamek,479
2026-05-11,KL Sentral,Pasar Seni,1031
2026-05-11,KLCC,Bukit Bintang,1
2026-05-11,KLCC,KL Sentral,1500
2026-05-11,KLCC,KLCC,179
2026-05-11,KLCC,Masjid Jamek,346
2026-05-11,KLCC,Pasar Seni,688
2026-05-11,Masjid Jamek,Bukit Bintang,25
2026-05-11,Masjid Jamek,KL Sentral,533
2026-05-11,Masjid Jamek,KLCC,448
2026-05-11,Masjid Jamek,Masjid Jamek,192
2026-05-11,Masjid Jamek,Pasar Seni,139
2026-05-11,Pasar Seni,Bukit Bintang,2
2026-05-11,Pasar Seni,KL Sentral,1025
2026-05-11,Pasar Seni,KLCC,642
2026-05-11,Pasar Seni,Masjid Jamek,113
2026-05-11,Pasar Seni,Pasar Seni,414
2026-05-12,Bukit Bintang,Bukit Bintang,263
2026-05-12,Bukit Bintang,KL Sentral,0
2026-05-12,Bukit Bintang,KLCC,5
2026-05-12,Bukit Bintang,Masjid Jamek,1
2026-05-12,Bukit Bintang,Pasar Seni,0
2026-05-12,KL Sentral,Bukit Bintang,7
2026-05-12,KL Sentral,KL Sentral,3282
2026-05-12,KL Sentral,KLCC,1586
2026-05-12,KL Sentral,Masjid Jamek,421
2026-05-12,KL Sentral,Pasar Seni,905
2026-05-12,KLCC,Bukit Bintang,4
2026-05-12,KLCC,KL Sentral,1640
2026-05-12,KLCC,KLCC,875
2026-05-12,KLCC,Masjid Jamek,352
2026-05-12,KLCC,Pasar Seni,743
2026-05-12,Masjid Jamek,Bukit Bintang,27
2026-05-12,Masjid Jamek,KL Sentral,571
2026-05-12,Masjid Jamek,KLCC,407
2026-05-12,Masjid Jamek,Masjid Jamek,402
2026-05-12,Masjid Jamek,Pasar Seni,162
2026-05-12,Pasar Seni,Bukit Bintang,7
2026-05-12,Pasar Seni,KL Sentral,966
2026-05-12,Pasar Seni,KLCC,590
2026-05-12,Pasar Seni,Masjid Jamek,137
2026-05-12,Pasar Seni,Pasar Seni,663
2026-05-13,Bukit Bintang,Bukit Bintang,242
2026-05-13,Bukit Bintang,KL Sentral,1
2026-05-13,Bukit Bintang,KLCC,3
2026-05-13,Bukit Bintang,Masjid Jamek,2
2026-05-13,Bukit Bintang,Pasar Seni,3
2026-05-13,KL Sentral,Bukit Bintang,0
2026-05-13,KL Sentral,KL Sentral,285
2026-05-13,KL Sentral,KLCC,1795
2026-05-13,KL Sentral,Masjid Jamek,508
2026-05-13,KL Sentral,Pasar Seni,950
2026-05-13,KLCC,Bukit Bintang,2
2026-05-13,KLCC,KL Sentral,1555
2026-05-13,KLCC,KLCC,246
2026-05-13,KLCC,Masjid Jamek,336
2026-05-13,KLCC,Pasar Seni,903
2026-05-13,Masjid Jamek,Bukit Bintang,16
2026-05-13,Masjid Jamek,KL Sentral,538
2026-05-13,Masjid Jamek,KLCC,444
2026-05-13,Masjid Jamek,Masjid Jamek,168
2026-05-13,Masjid Jamek,Pasar Seni,147
2026-05-13,Pasar Seni,Bukit Bintang,3
2026-05-13,Pasar Seni,KL Sentral,910
2026-05-13,Pasar Seni,KLCC,710
2026-05-13,Pasar Seni,Masjid Jamek,111
2026-05-13,Pasar Seni,Pasar Seni,435
2026-05-14,Bukit Bintang,Bukit Bintang,282
2026-05-14,Bukit Bintang,KL Sentral,0
2026-05-14,Bukit Bintang,KLCC,2
2026-05-14,Bukit Bintang,Masjid Jamek,0
2026-05-14,Bukit Bintang,Pasar Seni,1
2026-05-14,KL Sentral,Bukit Bintang,0
2026-05-14,KL Sentral,KL Sentral,343
2026-05-14,KL Sentral,KLCC,1910
2026-05-14,KL Sentral,Masjid Jamek,472
2026-05-14,KL Sentral,Pasar Seni,1093
2026-05-14,KLCC,Bukit Bintang,10
2026-05-14,KLCC,KL Sentral,1741
2026-05-14,KLCC,KLCC,223
2026-05-14,KLCC,Masjid Jamek,377
2026-05-14,KLCC,Pasar Seni,797
2026-05-14,Masjid Jamek,Bukit Bintang,24
2026-05-14,Masjid Jamek,KL Sentral,548
2026-05-14,Masjid Jamek,KLCC,508
2026-05-14,Masjid Jamek,Masjid Jamek,172
2026-05-14,Masjid Jamek,Pasar Seni,182
2026-05-14,Pasar Seni,Bukit Bintang,4
2026-05-14,Pasar Seni,KL Sentral,986
2026-05-14,Pasar Seni,KLCC,740
2026-05-14,Pasar Seni,Masjid Jamek,184
2026-05-14,Pasar Seni,Pasar Seni,399
2026-05-15,Bukit Bintang,Bukit Bintang,287
2026-05-15,Bukit Bintang,KL Sentral,0
2026-05-15,Bukit Bintang,KLCC,11
2026-05-15,Bukit Bintang,Masjid Jamek,3
2026-05-15,Bukit Bintang,Pasar Seni,6
2026-05-15,KL Sentral,Bukit Bintang,4
2026-05-15,KL Sentral,KL Sentral,344
2026-05-15,KL Sentral,KLCC,1917
2026-05-15,KL Sentral,Masjid Jamek,518
2026-05-15,KL Sentral,Pasar Seni,1159
2026-05-15,KLCC,Bukit Bintang,15
2026-05-15,KLCC,KL Sentral,1582
2026-05-15,KLCC,KLCC,247
2026-05-15,KLCC,Masjid Jamek,530
2026-05-15,KLCC,Pasar Seni,859
2026-05-15,Masjid Jamek,Bukit Bintang,23
2026-05-15,Masjid Jamek,KL Sentral,609
2026-05-15,Masjid Jamek,KLCC,615
2026-05-15,Masjid Jamek,Masjid Jamek,174
2026-05-15,Masjid Jamek,Pasar Seni,222
2026-05-15,Pasar Seni,Bukit Bintang,4
2026-05-15,Pasar Seni,KL Sentral,1075
2026-05-15,Pasar Seni,KLCC,778
2026-05-15,Pasar Seni,Masjid Jamek,160
2026-05-15,Pasar Seni,Pasar Seni,453
2026-05-16,Bukit Bintang,Bukit Bintang,526
2026-05-16,Bukit Bintang,KL Sentral,1
2026-05-16,Bukit Bintang,KLCC,7
2026-05-16,Bukit Bintang,Masjid Jamek,0
2026-05-16,Bukit Bintang,Pasar Seni,3
2026-05-16,KL Sentral,Bukit Bintang,3
2026-05-16,KL Sentral,KL Sentral,308
2026-05-16,KL Sentral,KLCC,1536
2026-05-16,KL Sentral,Masjid Jamek,340
2026-05-16,KL Sentral,Pasar Seni,1397
2026-05-16,KLCC,Bukit Bintang,11
2026-05-16,KLCC,KL Sentral,1352
2026-05-16,KLCC,KLCC,234
2026-05-16,KLCC,Masjid Jamek,236
2026-05-16,KLCC,Pasar Seni,1034
2026-05-16,Masjid Jamek,Bukit Bintang,30
2026-05-16,Masjid Jamek,KL Sentral,287
2026-05-16,Masjid Jamek,KLCC,262
2026-05-16,Masjid Jamek,Masjid Jamek,129
2026-05-16,Masjid Jamek,Pasar Seni,123
2026-05-16,Pasar Seni,Bukit Bintang,6
2026-05-16,Pasar Seni,KL Sentral,1433
2026-05-16,Pasar Seni,KLCC,1198
2026-05-16,Pasar Seni,Masjid Jamek,126
2026-05-16,Pasar Seni,Pasar Seni,590
2026-05-17,Bukit Bintang,Bukit Bintang,341
2026-05-17,Bukit Bintang,KL Sentral,0
2026-05-17,Bukit Bintang,KLCC,9
2026-05-17,Bukit Bintang,Masjid Jamek,7
2026-05-17,Bukit Bintang,Pasar Seni,3
2026-05-17,KL Sentral,Bukit Bintang,0
2026-05-17,KL Sentral,KL Sentral,250
2026-05-17,KL Sentral,KLCC,1116
2026-05-17,KL Sentral,Masjid Jamek,301
2026-05-17,KL Sentral,Pasar Seni,1349
2026-05-17,KLCC,Bukit Bintang,5
2026-05-17,KLCC,KL Sentral,1004
2026-05-17,KLCC,KLCC,170
2026-05-17,KLCC,Masjid Jamek,357
2026-05-17,KLCC,Pasar Seni,946
2026-05-17,Masjid Jamek,Bukit Bintang,44
2026-05-17,Masjid Jamek,KL Sentral,298
2026-05-17,Masjid Jamek,KLCC,307
2026-05-17,Masjid Jamek,Masjid Jamek,114
2026-05-17,Masjid Jamek,Pasar Seni,99
2026-05-17,Pasar Seni,Bukit Bintang,3
2026-05-17,Pasar Seni,KL Sentral,1349
2026-05-17,Pasar Seni,KLCC,981
2026-05-17,Pasar Seni,Masjid Jamek,98
2026-05-17,Pasar Seni,Pasar Seni,504
2026-05-18,Bukit Bintang,Bukit Bintang,231
2026-05-18,Bukit Bintang,KL Sentral,0
2026-05-18,Bukit Bintang,KLCC,4
2026-05-18,Bukit Bintang,Masjid Jamek,2
2026-05-18,Bukit Bintang,Pasar Seni,0
2026-05-18,KL Sentral,Bukit Bintang,0
2026-05-18,KL Sentral,KL Sentral,461
2026-05-18,KL Sentral,KLCC,1622
2026-05-18,KL Sentral,Masjid Jamek,475
2026-05-18,KL Sentral,Pasar Seni,921
2026-05-18,KLCC,Bukit Bintang,3
2026-05-18,KLCC,KL Sentral,1497
2026-05-18,KLCC,KLCC,201
2026-05-18,KLCC,Masjid Jamek,322
2026-05-18,KLCC,Pasar Seni,749
2026-05-18,Masjid Jamek,Bukit Bintang,15
2026-05-18,Masjid Jamek,KL Sentral,458
2026-05-18,Masjid Jamek,KLCC,394
2026-05-18,Masjid Jamek,Masjid Jamek,169
2026-05-18,Masjid Jamek,Pasar Seni,155
2026-05-18,Pasar Seni,Bukit Bintang,4
2026-05-18,Pasar Seni,KL Sentral,904
2026-05-18,Pasar Seni,KLCC,703
2026-05-18,Pasar Seni,Masjid Jamek,118
2026-05-18,Pasar Seni,Pasar Seni,442
2026-05-19,Bukit Bintang,Bukit Bintang,195
2026-05-19,Bukit Bintang,KL Sentral,0
2026-05-19,Bukit Bintang,KLCC,3
2026-05-19,Bukit Bintang,Masjid Jamek,0
2026-05-19,Bukit Bintang,Pasar Seni,1
2026-05-19,KL Sentral,Bukit Bintang,0
2026-05-19,KL Sentral,KL Sentral,350
2026-05-19,KL Sentral,KLCC,1673
2026-05-19,KL Sentral,Masjid Jamek,488
2026-05-19,KL Sentral,Pasar Seni,898
2026-05-19,KLCC,Bukit Bintang,8
2026-05-19,KLCC,KL Sentral,1532
2026-05-19,KLCC,KLCC,199
2026-05-19,KLCC,Masjid Jamek,286
2026-05-19,KLCC,Pasar Seni,770
2026-05-19,Masjid Jamek,Bukit Bintang,17
2026-05-19,Masjid Jamek,KL Sentral,507
2026-05-19,Masjid Jamek,KLCC,397
2026-05-19,Masjid Jamek,Masjid Jamek,186
2026-05-19,Masjid Jamek,Pasar Seni,154
2026-05-19,Pasar Seni,Bukit Bintang,0
2026-05-19,Pasar Seni,KL Sentral,945
2026-05-19,Pasar Seni,KLCC,662
2026-05-19,Pasar Seni,Masjid Jamek,161
2026-05-19,Pasar Seni,Pasar Seni,401
2026-05-20,Bukit Bintang,Bukit Bintang,242
2026-05-20,Bukit Bintang,KL Sentral,0
2026-05-20,Bukit Bintang,KLCC,3
2026-05-20,Bukit Bintang,Masjid Jamek,0
2026-05-20,Bukit Bintang,Pasar Seni,0
2026-05-20,KL Sentral,Bukit Bintang,0
2026-05-20,KL Sentral,KL Sentral,275
2026-05-20,KL Sentral,KLCC,1642
2026-05-20,KL Sentral,Masjid Jamek,486
2026-05-20,KL Sentral,Pasar Seni,919
2026-05-20,KLCC,Bukit Bintang,2
2026-05-20,KLCC,KL Sentral,1583
2026-05-20,KLCC,KLCC,218
2026-05-20,KLCC,Masjid Jamek,356
2026-05-20,KLCC,Pasar Seni,739
2026-05-20,Masjid Jamek,Bukit Bintang,29
2026-05-20,Masjid Jamek,KL Sentral,482
2026-05-20,Masjid Jamek,KLCC,483
2026-05-20,Masjid Jamek,Masjid Jamek,149
2026-05-20,Masjid Jamek,Pasar Seni,132
2026-05-20,Pasar Seni,Bukit Bintang,2
2026-05-20,Pasar Seni,KL Sentral,852
2026-05-20,Pasar Seni,KLCC,628
2026-05-20,Pasar Seni,Masjid Jamek,133
2026-05-20,Pasar Seni,Pasar Seni,410
2026-05-21,Bukit Bintang,Bukit Bintang,211
2026-05-21,Bukit Bintang,KL Sentral,1
2026-05-21,Bukit Bintang,KLCC,5
2026-05-21,Bukit Bintang,Masjid Jamek,5
2026-05-21,Bukit Bintang,Pasar Seni,7
2026-05-21,KL Sentral,Bukit Bintang,0
2026-05-21,KL Sentral,KL Sentral,293
2026-05-21,KL Sentral,KLCC,1608
2026-05-21,KL Sentral,Masjid Jamek,472
2026-05-21,KL Sentral,Pasar Seni,1025
2026-05-21,KLCC,Bukit Bintang,0
2026-05-21,KLCC,KL Sentral,1621
2026-05-21,KLCC,KLCC,225
2026-05-21,KLCC,Masjid Jamek,364
2026-05-21,KLCC,Pasar Seni,778
2026-05-21,Masjid Jamek,Bukit Bintang,20
2026-05-21,Masjid Jamek,KL Sentral,538
2026-05-21,Masjid Jamek,KLCC,470
2026-05-21,Masjid Jamek,Masjid Jamek,152
2026-05-21,Masjid Jamek,Pasar Seni,132
2026-05-21,Pasar Seni,Bukit Bintang,1
2026-05-21,Pasar Seni,KL Sentral,977
2026-05-21,Pasar Seni,KLCC,650
2026-05-21,Pasar Seni,Masjid Jamek,133
2026-05-21,Pasar Seni,Pasar Seni,401
2026-05-22,Bukit Bintang,Bukit Bintang,317
2026-05-22,Bukit Bintang,KL Sentral,0
2026-05-22,Bukit Bintang,KLCC,5
2026-05-22,Bukit Bintang,Masjid Jamek,1
2026-05-22,Bukit Bintang,Pasar Seni,1
2026-05-22,KL Sentral,Bukit Bintang,5
2026-05-22,KL Sentral,KL Sentral,335
2026-05-22,KL Sentral,KLCC,1675
2026-05-22,KL Sentral,Masjid Jamek,464
2026-05-22,KL Sentral,Pasar Seni,1297
2026-05-22,KLCC,Bukit Bintang,2
2026-05-22,KLCC,KL Sentral,1629
2026-05-22,KLCC,KLCC,249
2026-05-22,KLCC,Masjid Jamek,483
2026-05-22,KLCC,Pasar Seni,1025
2026-05-22,Masjid Jamek,Bukit Bintang,16
2026-05-22,Masjid Jamek,KL Sentral,530
2026-05-22,Masjid Jamek,KLCC,668
2026-05-22,Masjid Jamek,Masjid Jamek,180
2026-05-22,Masjid Jamek,Pasar Seni,190
2026-05-22,Pasar Seni,Bukit Bintang,4
2026-05-22,Pasar Seni,KL Sentral,1247
2026-05-22,Pasar Seni,KLCC,805
2026-05-22,Pasar Seni,Masjid Jamek,152
2026-05-22,Pasar Seni,Pasar Seni,509
2026-05-23,Bukit Bintang,Bukit Bintang,325
2026-05-23,Bukit Bintang,KL Sentral,0
2026-05-23,Bukit Bintang,KLCC,5
2026-05-23,Bukit Bintang,Masjid Jamek,1
2026-05-23,Bukit Bintang,Pasar Seni,15
2026-05-23,KL Sentral,Bukit Bintang,1
2026-05-23,KL Sentral,KL Sentral,259
2026-05-23,KL Sentral,KLCC,1323
2026-05-23,KL Sentral,Masjid Jamek,231
2026-05-23,KL Sentral,Pasar Seni,1585
2026-05-23,KLCC,Bukit Bintang,4
2026-05-23,KLCC,KL Sentral,1090
2026-05-23,KLCC,KLCC,200
2026-05-23,KLCC,Masjid Jamek,256
2026-05-23,KLCC,Pasar Seni,1194
2026-05-23,Masjid Jamek,Bukit Bintang,15
2026-05-23,Masjid Jamek,KL Sentral,229
2026-05-23,Masjid Jamek,KLCC,220
2026-05-23,Masjid Jamek,Masjid Jamek,110
2026-05-23,Masjid Jamek,Pasar Seni,103
2026-05-23,Pasar Seni,Bukit Bintang,10
2026-05-23,Pasar Seni,KL Sentral,1638
2026-05-23,Pasar Seni,KLCC,1221
2026-05-23,Pasar Seni,Masjid Jamek,107
2026-05-23,Pasar Seni,Pasar Seni,598
2026-05-24,Bukit Bintang,Bukit Bintang,267
2026-05-24,Bukit Bintang,KL Sentral,0
2026-05-24,Bukit Bintang,KLCC,13
2026-05-24,Bukit Bintang,Masjid Jamek,5
2026-05-24,Bukit Bintang,Pasar Seni,2
2026-05-24,KL Sentral,Bukit Bintang,0
2026-05-24,KL Sentral,KL Sentral,262
2026-05-24,KL Sentral,KLCC,1216
2026-05-24,KL Sentral,Masjid Jamek,301
2026-05-24,KL Sentral,Pasar Seni,1669
2026-05-24,KLCC,Bukit Bintang,13
2026-05-24,KLCC,KL Sentral,1160
2026-05-24,KLCC,KLCC,172
2026-05-24,KLCC,Masjid Jamek,320
2026-05-24,KLCC,Pasar Seni,1315
2026-05-24,Masjid Jamek,Bukit Bintang,29
2026-05-24,Masjid Jamek,KL Sentral,269
2026-05-24,Masjid Jamek,KLCC,286
2026-05-24,Masjid Jamek,Masjid Jamek,129
2026-05-24,Masjid Jamek,Pasar Seni,148
2026-05-24,Pasar Seni,Bukit Bintang,2
2026-05-24,Pasar Seni,KL Sentral,1864
2026-05-24,Pasar Seni,KLCC,1212
2026-05-24,Pasar Seni,Masjid Jamek,120
2026-05-24,Pasar Seni,Pasar Seni,686
2026-05-25,Bukit Bintang,Bukit Bintang,297
2026-05-25,Bukit Bintang,KL Sentral,0
2026-05-25,Bukit Bintang,KLCC,16
2026-05-25,Bukit Bintang,Masjid Jamek,0
2026-05-25,Bukit Bintang,Pasar Seni,1
2026-05-25,KL Sentral,Bukit Bintang,1
2026-05-25,KL Sentral,KL Sentral,327
2026-05-25,KL Sentral,KLCC,1662
2026-05-25,KL Sentral,Masjid Jamek,418
2026-05-25,KL Sentral,Pasar Seni,1000
2026-05-25,KLCC,Bukit Bintang,10
2026-05-25,KLCC,KL Sentral,1563
2026-05-25,KLCC,KLCC,196
2026-05-25,KLCC,Masjid Jamek,280
2026-05-25,KLCC,Pasar Seni,696
2026-05-25,Masjid Jamek,Bukit Bintang,14
2026-05-25,Masjid Jamek,KL Sentral,459
2026-05-25,Masjid Jamek,KLCC,422
2026-05-25,Masjid Jamek,Masjid Jamek,177
2026-05-25,Masjid Jamek,Pasar Seni,153
2026-05-25,Pasar Seni,Bukit Bintang,1
2026-05-25,Pasar Seni,KL Sentral,1001
2026-05-25,Pasar Seni,KLCC,704
2026-05-25,Pasar Seni,Masjid Jamek,125
2026-05-25,Pasar Seni,Pasar Seni,503
2026-05-26,Bukit Bintang,Bukit Bintang,316
2026-05-26,Bukit Bintang,KL Sentral,0
2026-05-26,Bukit Bintang,KLCC,0
2026-05-26,Bukit Bintang,Masjid Jamek,1
2026-05-26,Bukit Bintang,Pasar Seni,2
2026-05-26,KL Sentral,Bukit Bintang,4
2026-05-26,KL Sentral,KL Sentral,264
2026-05-26,KL Sentral,KLCC,1680
2026-05-26,KL Sentral,Masjid Jamek,419
2026-05-26,KL Sentral,Pasar Seni,1008
2026-05-26,KLCC,Bukit Bintang,14
2026-05-26,KLCC,KL Sentral,1656
2026-05-26,KLCC,KLCC,209
2026-05-26,KLCC,Masjid Jamek,382
2026-05-26,KLCC,Pasar Seni,939
2026-05-26,Masjid Jamek,Bukit Bintang,16
2026-05-26,Masjid Jamek,KL Sentral,461
2026-05-26,Masjid Jamek,KLCC,429
2026-05-26,Masjid Jamek,Masjid Jamek,203
2026-05-26,Masjid Jamek,Pasar Seni,135
2026-05-26,Pasar Seni,Bukit Bintang,0
2026-05-26,Pasar Seni,KL Sentral,980
2026-05-26,Pasar Seni,KLCC,742
2026-05-26,Pasar Seni,Masjid Jamek,129
2026-05-26,Pasar Seni,Pasar Seni,437
2026-05-27,Bukit Bintang,Bukit Bintang,388
2026-05-27,Bukit Bintang,KL Sentral,1
2026-05-27,Bukit Bintang,KLCC,1
2026-05-27,Bukit Bintang,Masjid Jamek,8
2026-05-27,Bukit Bintang,Pasar Seni,3
2026-05-27,KL Sentral,Bukit Bintang,2
2026-05-27,KL Sentral,KL Sentral,264
2026-05-27,KL Sentral,KLCC,1465
2026-05-27,KL Sentral,Masjid Jamek,283
2026-05-27,KL Sentral,Pasar Seni,1072
2026-05-27,KLCC,Bukit Bintang,29
2026-05-27,KLCC,KL Sentral,1381
2026-05-27,KLCC,KLCC,266
2026-05-27,KLCC,Masjid Jamek,831
2026-05-27,KLCC,Pasar Seni,1531
2026-05-27,Masjid Jamek,Bukit Bintang,55
2026-05-27,Masjid Jamek,KL Sentral,268
2026-05-27,Masjid Jamek,KLCC,809
2026-05-27,Masjid Jamek,Masjid Jamek,155
2026-05-27,Masjid Jamek,Pasar Seni,99
2026-05-27,Pasar Seni,Bukit Bintang,4
2026-05-27,Pasar Seni,KL Sentral,1127
2026-05-27,Pasar Seni,KLCC,1546
2026-05-27,Pasar Seni,Masjid Jamek,103
2026-05-27,Pasar Seni,Pasar Seni,603
2026-05-28,Bukit Bintang,Bukit Bintang,370
2026-05-28,Bukit Bintang,KL Sentral,0
2026-05-28,Bukit Bintang,KLCC,4
2026-05-28,Bukit Bintang,Masjid Jamek,0
2026-05-28,Bukit Bintang,Pasar Seni,2
2026-05-28,KL Sentral,Bukit Bintang,0
2026-05-28,KL Sentral,KL Sentral,294
2026-05-28,KL Sentral,KLCC,1579
2026-05-28,KL Sentral,Masjid Jamek,432
2026-05-28,KL Sentral,Pasar Seni,1179
2026-05-28,KLCC,Bukit Bintang,13
2026-05-28,KLCC,KL Sentral,1424
2026-05-28,KLCC,KLCC,241
2026-05-28,KLCC,Masjid Jamek,502
2026-05-28,KLCC,Pasar Seni,1055
2026-05-28,Masjid Jamek,Bukit Bintang,31
2026-05-28,Masjid Jamek,KL Sentral,455
2026-05-28,Masjid Jamek,KLCC,515
2026-05-28,Masjid Jamek,Masjid Jamek,239
2026-05-28,Masjid Jamek,Pasar Seni,166
2026-05-28,Pasar Seni,Bukit Bintang,6
2026-05-28,Pasar Seni,KL Sentral,1139
2026-05-28,Pasar Seni,KLCC,1059
2026-05-28,Pasar Seni,Masjid Jamek,142
2026-05-28,Pasar Seni,Pasar Seni,423
2026-05-29,Bukit Bintang,Bukit Bintang,317
2026-05-29,Bukit Bintang,KL Sentral,0
2026-05-29,Bukit Bintang,KLCC,11
2026-05-29,Bukit Bintang,Masjid Jamek,1
2026-05-29,Bukit Bintang,Pasar Seni,6
2026-05-29,KL Sentral,Bukit Bintang,2
2026-05-29,KL Sentral,KL Sentral,344
2026-05-29,KL Sentral,KLCC,1534
2026-05-29,KL Sentral,Masjid Jamek,463
2026-05-29,KL Sentral,Pasar Seni,1202
2026-05-29,KLCC,Bukit Bintang,3
2026-05-29,KLCC,KL Sentral,1550
2026-05-29,KLCC,KLCC,220
2026-05-29,KLCC,Masjid Jamek,472
2026-05-29,KLCC,Pasar Seni,973
2026-05-29,Masjid Jamek,Bukit Bintang,12
2026-05-29,Masjid Jamek,KL Sentral,498
2026-05-29,Masjid Jamek,KLCC,429
2026-05-29,Masjid Jamek,Masjid Jamek,186
2026-05-29,Masjid Jamek,Pasar Seni,167
2026-05-29,Pasar Seni,Bukit Bintang,0
2026-05-29,Pasar Seni,KL Sentral,1157
2026-05-29,Pasar Seni,KLCC,896
2026-05-29,Pasar Seni,Masjid Jamek,118
2026-05-29,Pasar Seni,Pasar Seni,448
2026-05-30,Bukit Bintang,Bukit Bintang,365
2026-05-30,Bukit Bintang,KL Sentral,0
2026-05-30,Bukit Bintang,KLCC,6
2026-05-30,Bukit Bintang,Masjid Jamek,7
2026-05-30,Bukit Bintang,Pasar Seni,15
2026-05-30,KL Sentral,Bukit Bintang,0
2026-05-30,KL Sentral,KL Sentral,284
2026-05-30,KL Sentral,KLCC,1684
2026-05-30,KL Sentral,Masjid Jamek,287
2026-05-30,KL Sentral,Pasar Seni,1397
2026-05-30,KLCC,Bukit Bintang,24
2026-05-30,KLCC,KL Sentral,1426
2026-05-30,KLCC,KLCC,189
2026-05-30,KLCC,Masjid Jamek,264
2026-05-30,KLCC,Pasar Seni,1329
2026-05-30,Masjid Jamek,Bukit Bintang,20
2026-05-30,Masjid Jamek,KL Sentral,233
2026-05-30,Masjid Jamek,KLCC,271
2026-05-30,Masjid Jamek,Masjid Jamek,129
2026-05-30,Masjid Jamek,Pasar Seni,97
2026-05-30,Pasar Seni,Bukit Bintang,23
2026-05-30,Pasar Seni,KL Sentral,1378
2026-05-30,Pasar Seni,KLCC,1236
2026-05-30,Pasar Seni,Masjid Jamek,108
2026-05-30,Pasar Seni,Pasar Seni,414
2026-05-31,Bukit Bintang,Bukit Bintang,395
2026-05-31,Bukit Bintang,KL Sentral,3
2026-05-31,Bukit Bintang,KLCC,16
2026-05-31,Bukit Bintang,Masjid Jamek,9
2026-05-31,Bukit Bintang,Pasar Seni,8
2026-05-31,KL Sentral,Bukit Bintang,6
2026-05-31,KL Sentral,KL Sentral,318
2026-05-31,KL Sentral,KLCC,2004
2026-05-31,KL Sentral,Masjid Jamek,401
2026-05-31,KL Sentral,Pasar Seni,1663
2026-05-31,KLCC,Bukit Bintang,16
2026-05-31,KLCC,KL Sentral,1743
2026-05-31,KLCC,KLCC,240
2026-05-31,KLCC,Masjid Jamek,420
2026-05-31,KLCC,Pasar Seni,1751
2026-05-31,Masjid Jamek,Bukit Bintang,25
2026-05-31,Masjid Jamek,KL Sentral,346
2026-05-31,Masjid Jamek,KLCC,445
2026-05-31,Masjid Jamek,Masjid Jamek,135
2026-05-31,Masjid Jamek,Pasar Seni,151
2026-05-31,Pasar Seni,Bukit Bintang,3
2026-05-31,Pasar Seni,KL Sentral,1986
2026-05-31,Pasar Seni,KLCC,1761
2026-05-31,Pasar Seni,Masjid Jamek,108
2026-05-31,Pasar Seni,Pasar Seni,640
2026-06-01,Bukit Bintang,Bukit Bintang,401
2026-06-01,Bukit Bintang,KL Sentral,4
2026-06-01,Bukit Bintang,KLCC,2
2026-06-01,Bukit Bintang,Masjid Jamek,3
2026-06-01,Bukit Bintang,Pasar Seni,5
2026-06-01,KL Sentral,Bukit Bintang,3
2026-06-01,KL Sentral,KL Sentral,291
2026-06-01,KL Sentral,KLCC,1570
2026-06-01,KL Sentral,Masjid Jamek,250
2026-06-01,KL Sentral,Pasar Seni,1565
2026-06-01,KLCC,Bukit Bintang,20
2026-06-01,KLCC,KL Sentral,1551
2026-06-01,KLCC,KLCC,229
2026-06-01,KLCC,Masjid Jamek,406
2026-06-01,KLCC,Pasar Seni,1635
2026-06-01,Masjid Jamek,Bukit Bintang,25
2026-06-01,Masjid Jamek,KL Sentral,270
2026-06-01,Masjid Jamek,KLCC,347
2026-06-01,Masjid Jamek,Masjid Jamek,142
2026-06-01,Masjid Jamek,Pasar Seni,88
2026-06-01,Pasar Seni,Bukit Bintang,17
2026-06-01,Pasar Seni,KL Sentral,1611
2026-06-01,Pasar Seni,KLCC,1451
2026-06-01,Pasar Seni,Masjid Jamek,117
2026-06-01,Pasar Seni,Pasar Seni,519
2026-06-02,Bukit Bintang,Bukit Bintang,370
2026-06-02,Bukit Bintang,KL Sentral,0
2026-06-02,Bukit Bintang,KLCC,4
2026-06-02,Bukit Bintang,Masjid Jamek,5
2026-06-02,Bukit Bintang,Pasar Seni,5
2026-06-02,KL Sentral,Bukit Bintang,0
2026-06-02,KL Sentral,KL Sentral,253
2026-06-02,KL Sentral,KLCC,1213
2026-06-02,KL Sentral,Masjid Jamek,198
2026-06-02,KL Sentral,Pasar Seni,964
2026-06-02,KLCC,Bukit Bintang,8
2026-06-02,KLCC,KL Sentral,1109
2026-06-02,KLCC,KLCC,173
2026-06-02,KLCC,Masjid Jamek,256
2026-06-02,KLCC,Pasar Seni,725
2026-06-02,Masjid Jamek,Bukit Bintang,16
2026-06-02,Masjid Jamek,KL Sentral,192
2026-06-02,Masjid Jamek,KLCC,222
2026-06-02,Masjid Jamek,Masjid Jamek,149
2026-06-02,Masjid Jamek,Pasar Seni,85
2026-06-02,Pasar Seni,Bukit Bintang,1
2026-06-02,Pasar Seni,KL Sentral,994
2026-06-02,Pasar Seni,KLCC,698
2026-06-02,Pasar Seni,Masjid Jamek,59
2026-06-02,Pasar Seni,Pasar Seni,339
2026-06-03,Bukit Bintang,Bukit Bintang,296
2026-06-03,Bukit Bintang,KL Sentral,0
2026-06-03,Bukit Bintang,KLCC,11
2026-06-03,Bukit Bintang,Masjid Jamek,3
2026-06-03,Bukit Bintang,Pasar Seni,2
2026-06-03,KL Sentral,Bukit Bintang,2
2026-06-03,KL Sentral,KL Sentral,336
2026-06-03,KL Sentral,KLCC,1843
2026-06-03,KL Sentral,Masjid Jamek,485
2026-06-03,KL Sentral,Pasar Seni,1027
2026-06-03,KLCC,Bukit Bintang,18
2026-06-03,KLCC,KL Sentral,1618
2026-06-03,KLCC,KLCC,257
2026-06-03,KLCC,Masjid Jamek,374
2026-06-03,KLCC,Pasar Seni,845
2026-06-03,Masjid Jamek,Bukit Bintang,13
2026-06-03,Masjid Jamek,KL Sentral,504
2026-06-03,Masjid Jamek,KLCC,407
2026-06-03,Masjid Jamek,Masjid Jamek,220
2026-06-03,Masjid Jamek,Pasar Seni,139
2026-06-03,Pasar Seni,Bukit Bintang,1
2026-06-03,Pasar Seni,KL Sentral,985
2026-06-03,Pasar Seni,KLCC,908
2026-06-03,Pasar Seni,Masjid Jamek,143
2026-06-03,Pasar Seni,Pasar Seni,389
2026-06-04,Bukit Bintang,Bukit Bintang,234
2026-06-04,Bukit Bintang,KL Sentral,2
2026-06-04,Bukit Bintang,KLCC,16
2026-06-04,Bukit Bintang,Masjid Jamek,0
2026-06-04,Bukit Bintang,Pasar Seni,2
2026-06-04,KL Sentral,Bukit Bintang,0
2026-06-04,KL Sentral,KL Sentral,308
2026-06-04,KL Sentral,KLCC,1862
2026-06-04,KL Sentral,Masjid Jamek,465
2026-06-04,KL Sentral,Pasar Seni,987
2026-06-04,KLCC,Bukit Bintang,27
2026-06-04,KLCC,KL Sentral,1639
2026-06-04,KLCC,KLCC,399
2026-06-04,KLCC,Masjid Jamek,353
2026-06-04,KLCC,Pasar Seni,877
2026-06-04,Masjid Jamek,Bukit Bintang,13
2026-06-04,Masjid Jamek,KL Sentral,444
2026-06-04,Masjid Jamek,KLCC,457
2026-06-04,Masjid Jamek,Masjid Jamek,215
2026-06-04,Masjid Jamek,Pasar Seni,178
2026-06-04,Pasar Seni,Bukit Bintang,2
2026-06-04,Pasar Seni,KL Sentral,1052
2026-06-04,Pasar Seni,KLCC,807
2026-06-04,Pasar Seni,Masjid Jamek,142
2026-06-04,Pasar Seni,Pasar Seni,439
2026-06-05,Bukit Bintang,Bukit Bintang,271
2026-06-05,Bukit Bintang,KL Sentral,0
2026-06-05,Bukit Bintang,KLCC,2
2026-06-05,Bukit Bintang,Masjid Jamek,2
2026-06-05,Bukit Bintang,Pasar Seni,5
2026-06-05,KL Sentral,Bukit Bintang,0
2026-06-05,KL Sentral,KL Sentral,259
2026-06-05,KL Sentral,KLCC,1668
2026-06-05,KL Sentral,Masjid Jamek,464
2026-06-05,KL Sentral,Pasar Seni,1189
2026-06-05,KLCC,Bukit Bintang,12
2026-06-05,KLCC,KL Sentral,1607
2026-06-05,KLCC,KLCC,219
2026-06-05,KLCC,Masjid Jamek,437
2026-06-05,KLCC,Pasar Seni,831
2026-06-05,Masjid Jamek,Bukit Bintang,23
2026-06-05,Masjid Jamek,KL Sentral,539
2026-06-05,Masjid Jamek,KLCC,541
2026-06-05,Masjid Jamek,Masjid Jamek,201
2026-06-05,Masjid Jamek,Pasar Seni,173
2026-06-05,Pasar Seni,Bukit Bintang,3
2026-06-05,Pasar Seni,KL Sentral,1097
2026-06-05,Pasar Seni,KLCC,879
2026-06-05,Pasar Seni,Masjid Jamek,160
2026-06-05,Pasar Seni,Pasar Seni,390
2026-06-06,Bukit Bintang,Bukit Bintang,352
2026-06-06,Bukit Bintang,KL Sentral,0
2026-06-06,Bukit Bintang,KLCC,4
2026-06-06,Bukit Bintang,Masjid Jamek,0
2026-06-06,Bukit Bintang,Pasar Seni,2
2026-06-06,KL Sentral,Bukit Bintang,0
2026-06-06,KL Sentral,KL Sentral,271
2026-06-06,KL Sentral,KLCC,1372
2026-06-06,KL Sentral,Masjid Jamek,302
2026-06-06,KL Sentral,Pasar Seni,1184
2026-06-06,KLCC,Bukit Bintang,15
2026-06-06,KLCC,KL Sentral,1231
2026-06-06,KLCC,KLCC,214
2026-06-06,KLCC,Masjid Jamek,275
2026-06-06,KLCC,Pasar Seni,1038
2026-06-06,Masjid Jamek,Bukit Bintang,15
2026-06-06,Masjid Jamek,KL Sentral,237
2026-06-06,Masjid Jamek,KLCC,204
2026-06-06,Masjid Jamek,Masjid Jamek,141
2026-06-06,Masjid Jamek,Pasar Seni,100
2026-06-06,Pasar Seni,Bukit Bintang,0
2026-06-06,Pasar Seni,KL Sentral,1214
2026-06-06,Pasar Seni,KLCC,1038
2026-06-06,Pasar Seni,Masjid Jamek,89
2026-06-06,Pasar Seni,Pasar Seni,404
2026-06-07,Bukit Bintang,Bukit Bintang,406
2026-06-07,Bukit Bintang,KL Sentral,1
2026-06-07,Bukit Bintang,KLCC,4
2026-06-07,Bukit Bintang,Masjid Jamek,1
2026-06-07,Bukit Bintang,Pasar Seni,0
2026-06-07,KL Sentral,Bukit Bintang,1
2026-06-07,KL Sentral,KL Sentral,243
2026-06-07,KL Sentral,KLCC,1225
2026-06-07,KL Sentral,Masjid Jamek,274
2026-06-07,KL Sentral,Pasar Seni,1170
2026-06-07,KLCC,Bukit Bintang,14
2026-06-07,KLCC,KL Sentral,1159
2026-06-07,KLCC,KLCC,209
2026-06-07,KLCC,Masjid Jamek,328
2026-06-07,KLCC,Pasar Seni,879
2026-06-07,Masjid Jamek,Bukit Bintang,36
2026-06-07,Masjid Jamek,KL Sentral,254
2026-06-07,Masjid Jamek,KLCC,311
2026-06-07,Masjid Jamek,Masjid Jamek,155
2026-06-07,Masjid Jamek,Pasar Seni,98
2026-06-07,Pasar Seni,Bukit Bintang,7
2026-06-07,Pasar Seni,KL Sentral,1380
2026-06-07,Pasar Seni,KLCC,842
2026-06-07,Pasar Seni,Masjid Jamek,120
2026-06-07,Pasar Seni,Pasar Seni,433
2026-06-08,Bukit Bintang,Bukit Bintang,208
2026-06-08,Bukit Bintang,KL Sentral,4
2026-06-08,Bukit Bintang,KLCC,3
2026-06-08,Bukit Bintang,Masjid Jamek,0
2026-06-08,Bukit Bintang,Pasar Seni,0
2026-06-08,KL Sentral,Bukit Bintang,3
2026-06-08,KL Sentral,KL Sentral,299
2026-06-08,KL Sentral,KLCC,1601
2026-06-08,KL Sentral,Masjid Jamek,441
2026-06-08,KL Sentral,Pasar Seni,819
2026-06-08,KLCC,Bukit Bintang,1
2026-06-08,KLCC,KL Sentral,1449
2026-06-08,KLCC,KLCC,239
2026-06-08,KLCC,Masjid Jamek,320
2026-06-08,KLCC,Pasar Seni,621
2026-06-08,Masjid Jamek,Bukit Bintang,10
2026-06-08,Masjid Jamek,KL Sentral,454
2026-06-08,Masjid Jamek,KLCC,378
2026-06-08,Masjid Jamek,Masjid Jamek,174
2026-06-08,Masjid Jamek,Pasar Seni,132
2026-06-08,Pasar Seni,Bukit Bintang,3
2026-06-08,Pasar Seni,KL Sentral,927
2026-06-08,Pasar Seni,KLCC,618
2026-06-08,Pasar Seni,Masjid Jamek,120
2026-06-08,Pasar Seni,Pasar Seni,341
2026-06-09,Bukit Bintang,Bukit Bintang,234
2026-06-09,Bukit Bintang,KL Sentral,0
2026-06-09,Bukit Bintang,KLCC,3
2026-06-09,Bukit Bintang,Masjid Jamek,0
2026-06-09,Bukit Bintang,Pasar Seni,2
2026-06-09,KL Sentral,Bukit Bintang,0
2026-06-09,KL Sentral,KL Sentral,341
2026-06-09,KL Sentral,KLCC,1801
2026-06-09,KL Sentral,Masjid Jamek,445
2026-06-09,KL Sentral,Pasar Seni,917
2026-06-09,KLCC,Bukit Bintang,4
2026-06-09,KLCC,KL Sentral,1692
2026-06-09,KLCC,KLCC,191
2026-06-09,KLCC,Masjid Jamek,337
2026-06-09,KLCC,Pasar Seni,666
2026-06-09,Masjid Jamek,Bukit Bintang,18
2026-06-09,Masjid Jamek,KL Sentral,515
2026-06-09,Masjid Jamek,KLCC,453
2026-06-09,Masjid Jamek,Masjid Jamek,192
2026-06-09,Masjid Jamek,Pasar Seni,138
2026-06-09,Pasar Seni,Bukit Bintang,0
2026-06-09,Pasar Seni,KL Sentral,904
2026-06-09,Pasar Seni,KLCC,599
2026-06-09,Pasar Seni,Masjid Jamek,126
2026-06-09,Pasar Seni,Pasar Seni,354
2026-06-10,Bukit Bintang,Bukit Bintang,261
2026-06-10,Bukit Bintang,KL Sentral,1
2026-06-10,Bukit Bintang,KLCC,3
2026-06-10,Bukit Bintang,Masjid Jamek,3
2026-06-10,Bukit Bintang,Pasar Seni,7
2026-06-10,KL Sentral,Bukit Bintang,2
2026-06-10,KL Sentral,KL Sentral,246
2026-06-10,KL Sentral,KLCC,1766
2026-06-10,KL Sentral,Masjid Jamek,442
2026-06-10,KL Sentral,Pasar Seni,919
2026-06-10,KLCC,Bukit Bintang,3
2026-06-10,KLCC,KL Sentral,1644
2026-06-10,KLCC,KLCC,226
2026-06-10,KLCC,Masjid Jamek,362
2026-06-10,KLCC,Pasar Seni,740
2026-06-10,Masjid Jamek,Bukit Bintang,13
2026-06-10,Masjid Jamek,KL Sentral,528
2026-06-10,Masjid Jamek,KLCC,437
2026-06-10,Masjid Jamek,Masjid Jamek,230
2026-06-10,Masjid Jamek,Pasar Seni,151
2026-06-10,Pasar Seni,Bukit Bintang,0
2026-06-10,Pasar Seni,KL Sentral,945
2026-06-10,Pasar Seni,KLCC,675
2026-06-10,Pasar Seni,Masjid Jamek,123
2026-06-10,Pasar Seni,Pasar Seni,353
2026-06-11,Bukit Bintang,Bukit Bintang,243
2026-06-11,Bukit Bintang,KL Sentral,0
2026-06-11,Bukit Bintang,KLCC,1
2026-06-11,Bukit Bintang,Masjid Jamek,1
2026-06-11,Bukit Bintang,Pasar Seni,9
2026-06-11,KL Sentral,Bukit Bintang,0
2026-06-11,KL Sentral,KL Sentral,722
2026-06-11,KL Sentral,KLCC,1706
2026-06-11,KL Sentral,Masjid Jamek,479
2026-06-11,KL Sentral,Pasar Seni,888
2026-06-11,KLCC,Bukit Bintang,1
2026-06-11,KLCC,KL Sentral,1571
2026-06-11,KLCC,KLCC,649
2026-06-11,KLCC,Masjid Jamek,384
2026-06-11,KLCC,Pasar Seni,752
2026-06-11,Masjid Jamek,Bukit Bintang,24
2026-06-11,Masjid Jamek,KL Sentral,466
2026-06-11,Masjid Jamek,KLCC,431
2026-06-11,Masjid Jamek,Masjid Jamek,310
2026-06-11,Masjid Jamek,Pasar Seni,155
2026-06-11,Pasar Seni,Bukit Bintang,2
2026-06-11,Pasar Seni,KL Sentral,885
2026-06-11,Pasar Seni,KLCC,699
2026-06-11,Pasar Seni,Masjid Jamek,142
2026-06-11,Pasar Seni,Pasar Seni,513
2026-06-12,Bukit Bintang,Bukit Bintang,287
2026-06-12,Bukit Bintang,KL Sentral,1
2026-06-12,Bukit Bintang,KLCC,15
2026-06-12,Bukit Bintang,Masjid Jamek,2
2026-06-12,Bukit Bintang,Pasar Seni,7
2026-06-12,KL Sentral,Bukit Bintang,2
2026-06-12,KL Sentral,KL Sentral,293
2026-06-12,KL Sentral,KLCC,1488
2026-06-12,KL Sentral,Masjid Jamek,528
2026-06-12,KL Sentral,Pasar Seni,1167
2026-06-12,KLCC,Bukit Bintang,6
2026-06-12,KLCC,KL Sentral,1419
2026-06-12,KLCC,KLCC,229
2026-06-12,KLCC,Masjid Jamek,459
2026-06-12,KLCC,Pasar Seni,888
2026-06-12,Masjid Jamek,Bukit Bintang,12
2026-06-12,Masjid Jamek,KL Sentral,552
2026-06-12,Masjid Jamek,KLCC,622
2026-06-12,Masjid Jamek,Masjid Jamek,190
2026-06-12,Masjid Jamek,Pasar Seni,247
2026-06-12,Pasar Seni,Bukit Bintang,1
2026-06-12,Pasar Seni,KL Sentral,1123
2026-06-12,Pasar Seni,KLCC,707
2026-06-12,Pasar Seni,Masjid Jamek,156
2026-06-12,Pasar Seni,Pasar Seni,401
2026-06-13,Bukit Bintang,Bukit Bintang,324
2026-06-13,Bukit Bintang,KL Sentral,1
2026-06-13,Bukit Bintang,KLCC,8
2026-06-13,Bukit Bintang,Masjid Jamek,2
2026-06-13,Bukit Bintang,Pasar Seni,7
2026-06-13,KL Sentral,Bukit Bintang,0
2026-06-13,KL Sentral,KL Sentral,235
2026-06-13,KL Sentral,KLCC,1386
2026-06-13,KL Sentral,Masjid Jamek,288
2026-06-13,KL Sentral,Pasar Seni,1164
2026-06-13,KLCC,Bukit Bintang,5
2026-06-13,KLCC,KL Sentral,1224
2026-06-13,KLCC,KLCC,186
2026-06-13,KLCC,Masjid Jamek,234
2026-06-13,KLCC,Pasar Seni,843
2026-06-13,Masjid Jamek,Bukit Bintang,17
2026-06-13,Masjid Jamek,KL Sentral,245
2026-06-13,Masjid Jamek,KLCC,200
2026-06-13,Masjid Jamek,Masjid Jamek,133
2026-06-13,Masjid Jamek,Pasar Seni,82
2026-06-13,Pasar Seni,Bukit Bintang,0
2026-06-13,Pasar Seni,KL Sentral,1096
2026-06-13,Pasar Seni,KLCC,875
2026-06-13,Pasar Seni,Masjid Jamek,80
2026-06-13,Pasar Seni,Pasar Seni,465
2026-06-14,Bukit Bintang,Bukit Bintang,305
2026-06-14,Bukit Bintang,KL Sentral,0
2026-06-14,Bukit Bintang,KLCC,7
2026-06-14,Bukit Bintang,Masjid Jamek,3
2026-06-14,Bukit Bintang,Pasar Seni,6
2026-06-14,KL Sentral,Bukit Bintang,2
2026-06-14,KL Sentral,KL Sentral,291
2026-06-14,KL Sentral,KLCC,1111
2026-06-14,KL Sentral,Masjid Jamek,292
2026-06-14,KL Sentral,Pasar Seni,1138
2026-06-14,KLCC,Bukit Bintang,13
2026-06-14,KLCC,KL Sentral,1042
2026-06-14,KLCC,KLCC,175
2026-06-14,KLCC,Masjid Jamek,289
2026-06-14,KLCC,Pasar Seni,816
2026-06-14,Masjid Jamek,Bukit Bintang,45
2026-06-14,Masjid Jamek,KL Sentral,288
2026-06-14,Masjid Jamek,KLCC,257
2026-06-14,Masjid Jamek,Masjid Jamek,137
2026-06-14,Masjid Jamek,Pasar Seni,87
2026-06-14,Pasar Seni,Bukit Bintang,1
2026-06-14,Pasar Seni,KL Sentral,1202
2026-06-14,Pasar Seni,KLCC,894
2026-06-14,Pasar Seni,Masjid Jamek,92
2026-06-14,Pasar Seni,Pasar Seni,464
2026-06-15,Bukit Bintang,Bukit Bintang,229
2026-06-15,Bukit Bintang,KL Sentral,0
2026-06-15,Bukit Bintang,KLCC,8
2026-06-15,Bukit Bintang,Masjid Jamek,2
2026-06-15,Bukit Bintang,Pasar Seni,7
2026-06-15,KL Sentral,Bukit Bintang,0
2026-06-15,KL Sentral,KL Sentral,234
2026-06-15,KL Sentral,KLCC,1770
2026-06-15,KL Sentral,Masjid Jamek,475
2026-06-15,KL Sentral,Pasar Seni,978
2026-06-15,KLCC,Bukit Bintang,15
2026-06-15,KLCC,KL Sentral,1630
2026-06-15,KLCC,KLCC,212
2026-06-15,KLCC,Masjid Jamek,326
2026-06-15,KLCC,Pasar Seni,825
2026-06-15,Masjid Jamek,Bukit Bintang,12
2026-06-15,Masjid Jamek,KL Sentral,465
2026-06-15,Masjid Jamek,KLCC,416
2026-06-15,Masjid Jamek,Masjid Jamek,181
2026-06-15,Masjid Jamek,Pasar Seni,140
2026-06-15,Pasar Seni,Bukit Bintang,0
2026-06-15,Pasar Seni,KL Sentral,969
2026-06-15,Pasar Seni,KLCC,724
2026-06-15,Pasar Seni,Masjid Jamek,114
2026-06-15,Pasar Seni,Pasar Seni,373
2026-06-16,Bukit Bintang,Bukit Bintang,253
2026-06-16,Bukit Bintang,KL Sentral,0
2026-06-16,Bukit Bintang,KLCC,1
2026-06-16,Bukit Bintang,Masjid Jamek,3
2026-06-16,Bukit Bintang,Pasar Seni,1
2026-06-16,KL Sentral,Bukit Bintang,1
2026-06-16,KL Sentral,KL Sentral,337
2026-06-16,KL Sentral,KLCC,1888
2026-06-16,KL Sentral,Masjid Jamek,388
2026-06-16,KL Sentral,Pasar Seni,1012
2026-06-16,KLCC,Bukit Bintang,13
2026-06-16,KLCC,KL Sentral,1722
2026-06-16,KLCC,KLCC,257
2026-06-16,KLCC,Masjid Jamek,367
2026-06-16,KLCC,Pasar Seni,794
2026-06-16,Masjid Jamek,Bukit Bintang,15
2026-06-16,Masjid Jamek,KL Sentral,511
2026-06-16,Masjid Jamek,KLCC,449
2026-06-16,Masjid Jamek,Masjid Jamek,215
2026-06-16,Masjid Jamek,Pasar Seni,159
2026-06-16,Pasar Seni,Bukit Bintang,1
2026-06-16,Pasar Seni,KL Sentral,1003
2026-06-16,Pasar Seni,KLCC,703
2026-06-16,Pasar Seni,Masjid Jamek,179
2026-06-16,Pasar Seni,Pasar Seni,366
2026-06-17,Bukit Bintang,Bukit Bintang,280
2026-06-17,Bukit Bintang,KL Sentral,0
2026-06-17,Bukit Bintang,KLCC,18
2026-06-17,Bukit Bintang,Masjid Jamek,3
2026-06-17,Bukit Bintang,Pasar Seni,0
2026-06-17,KL Sentral,Bukit Bintang,0
2026-06-17,KL Sentral,KL Sentral,220
2026-06-17,KL Sentral,KLCC,1056
2026-06-17,KL Sentral,Masjid Jamek,220
2026-06-17,KL Sentral,Pasar Seni,875
2026-06-17,KLCC,Bukit Bintang,16
2026-06-17,KLCC,KL Sentral,925
2026-06-17,KLCC,KLCC,171
2026-06-17,KLCC,Masjid Jamek,215
2026-06-17,KLCC,Pasar Seni,726
2026-06-17,Masjid Jamek,Bukit Bintang,10
2026-06-17,Masjid Jamek,KL Sentral,183
2026-06-17,Masjid Jamek,KLCC,198
2026-06-17,Masjid Jamek,Masjid Jamek,114
2026-06-17,Masjid Jamek,Pasar Seni,63
2026-06-17,Pasar Seni,Bukit Bintang,3
2026-06-17,Pasar Seni,KL Sentral,933
2026-06-17,Pasar Seni,KLCC,738
2026-06-17,Pasar Seni,Masjid Jamek,69
2026-06-17,Pasar Seni,Pasar Seni,379
2026-06-18,Bukit Bintang,Bukit Bintang,231
2026-06-18,Bukit Bintang,KL Sentral,0
2026-06-18,Bukit Bintang,KLCC,6
2026-06-18,Bukit Bintang,Masjid Jamek,0
2026-06-18,Bukit Bintang,Pasar Seni,3
2026-06-18,KL Sentral,Bukit Bintang,0
2026-06-18,KL Sentral,KL Sentral,333
2026-06-18,KL Sentral,KLCC,1629
2026-06-18,KL Sentral,Masjid Jamek,461
2026-06-18,KL Sentral,Pasar Seni,978
2026-06-18,KLCC,Bukit Bintang,16
2026-06-18,KLCC,KL Sentral,1511
2026-06-18,KLCC,KLCC,292
2026-06-18,KLCC,Masjid Jamek,288
2026-06-18,KLCC,Pasar Seni,831
2026-06-18,Masjid Jamek,Bukit Bintang,44
2026-06-18,Masjid Jamek,KL Sentral,490
2026-06-18,Masjid Jamek,KLCC,426
2026-06-18,Masjid Jamek,Masjid Jamek,205
2026-06-18,Masjid Jamek,Pasar Seni,145
2026-06-18,Pasar Seni,Bukit Bintang,5
2026-06-18,Pasar Seni,KL Sentral,926
2026-06-18,Pasar Seni,KLCC,779
2026-06-18,Pasar Seni,Masjid Jamek,126
2026-06-18,Pasar Seni,Pasar Seni,350
2026-06-19,Bukit Bintang,Bukit Bintang,312
2026-06-19,Bukit Bintang,KL Sentral,1
2026-06-19,Bukit Bintang,KLCC,5
2026-06-19,Bukit Bintang,Masjid Jamek,1
2026-06-19,Bukit Bintang,Pasar Seni,15
2026-06-19,KL Sentral,Bukit Bintang,3
2026-06-19,KL Sentral,KL Sentral,322
2026-06-19,KL Sentral,KLCC,1787
2026-06-19,KL Sentral,Masjid Jamek,504
2026-06-19,KL Sentral,Pasar Seni,1074
2026-06-19,KLCC,Bukit Bintang,5
2026-06-19,KLCC,KL Sentral,1591
2026-06-19,KLCC,KLCC,185
2026-06-19,KLCC,Masjid Jamek,467
2026-06-19,KLCC,Pasar Seni,851
2026-06-19,Masjid Jamek,Bukit Bintang,18
2026-06-19,Masjid Jamek,KL Sentral,507
2026-06-19,Masjid Jamek,KLCC,593
2026-06-19,Masjid Jamek,Masjid Jamek,174
2026-06-19,Masjid Jamek,Pasar Seni,144
2026-06-19,Pasar Seni,Bukit Bintang,1
2026-06-19,Pasar Seni,KL Sentral,1030
2026-06-19,Pasar Seni,KLCC,794
2026-06-19,Pasar Seni,Masjid Jamek,125
2026-06-19,Pasar Seni,Pasar Seni,354
2026-06-20,Bukit Bintang,Bukit Bintang,321
2026-06-20,Bukit Bintang,KL Sentral,2
2026-06-20,Bukit Bintang,KLCC,10
2026-06-20,Bukit Bintang,Masjid Jamek,6
2026-06-20,Bukit Bintang,Pasar Seni,8
2026-06-20,KL Sentral,Bukit Bintang,0
2026-06-20,KL Sentral,KL Sentral,257
2026-06-20,KL Sentral,KLCC,1290
2026-06-20,KL Sentral,Masjid Jamek,281
2026-06-20,KL Sentral,Pasar Seni,1182
2026-06-20,KLCC,Bukit Bintang,17
2026-06-20,KLCC,KL Sentral,1121
2026-06-20,KLCC,KLCC,164
2026-06-20,KLCC,Masjid Jamek,268
2026-06-20,KLCC,Pasar Seni,804
2026-06-20,Masjid Jamek,Bukit Bintang,25
2026-06-20,Masjid Jamek,KL Sentral,370
2026-06-20,Masjid Jamek,KLCC,254
2026-06-20,Masjid Jamek,Masjid Jamek,127
2026-06-20,Masjid Jamek,Pasar Seni,150
2026-06-20,Pasar Seni,Bukit Bintang,3
2026-06-20,Pasar Seni,KL Sentral,1101
2026-06-20,Pasar Seni,KLCC,864
2026-06-20,Pasar Seni,Masjid Jamek,95
2026-06-20,Pasar Seni,Pasar Seni,423
2026-06-21,Bukit Bintang,Bukit Bintang,297
2026-06-21,Bukit Bintang,KL Sentral,0
2026-06-21,Bukit Bintang,KLCC,1
2026-06-21,Bukit Bintang,Masjid Jamek,2
2026-06-21,Bukit Bintang,Pasar Seni,4
2026-06-21,KL Sentral,Bukit Bintang,5
2026-06-21,KL Sentral,KL Sentral,216
2026-06-21,KL Sentral,KLCC,1159
2026-06-21,KL Sentral,Masjid Jamek,302
2026-06-21,KL Sentral,Pasar Seni,1165
2026-06-21,KLCC,Bukit Bintang,8
2026-06-21,KLCC,KL Sentral,1062
2026-06-21,KLCC,KLCC,154
2026-06-21,KLCC,Masjid Jamek,367
2026-06-21,KLCC,Pasar Seni,769
2026-06-21,Masjid Jamek,Bukit Bintang,39
2026-06-21,Masjid Jamek,KL Sentral,290
2026-06-21,Masjid Jamek,KLCC,368
2026-06-21,Masjid Jamek,Masjid Jamek,148
2026-06-21,Masjid Jamek,Pasar Seni,81
2026-06-21,Pasar Seni,Bukit Bintang,1
2026-06-21,Pasar Seni,KL Sentral,1211
2026-06-21,Pasar Seni,KLCC,792
2026-06-21,Pasar Seni,Masjid Jamek,77
2026-06-21,Pasar Seni,Pasar Seni,398
2026-06-22,Bukit Bintang,Bukit Bintang,251
2026-06-22,Bukit Bintang,KL Sentral,0
2026-06-22,Bukit Bintang,KLCC,14
2026-06-22,Bukit Bintang,Masjid Jamek,0
2026-06-22,Bukit Bintang,Pasar Seni,4
2026-06-22,KL Sentral,Bukit Bintang,0
2026-06-22,KL Sentral,KL Sentral,274
2026-06-22,KL Sentral,KLCC,1732
2026-06-22,KL Sentral,Masjid Jamek,403
2026-06-22,KL Sentral,Pasar Seni,960
2026-06-22,KLCC,Bukit Bintang,5
2026-06-22,KLCC,KL Sentral,1549
2026-06-22,KLCC,KLCC,245
2026-06-22,KLCC,Masjid Jamek,294
2026-06-22,KLCC,Pasar Seni,662
2026-06-22,Masjid Jamek,Bukit Bintang,14
2026-06-22,Masjid Jamek,KL Sentral,453
2026-06-22,Masjid Jamek,KLCC,389
2026-06-22,Masjid Jamek,Masjid Jamek,171
2026-06-22,Masjid Jamek,Pasar Seni,138
2026-06-22,Pasar Seni,Bukit Bintang,0
2026-06-22,Pasar Seni,KL Sentral,969
2026-06-22,Pasar Seni,KLCC,747
2026-06-22,Pasar Seni,Masjid Jamek,108
2026-06-22,Pasar Seni,Pasar Seni,363
2026-06-23,Bukit Bintang,Bukit Bintang,222
2026-06-23,Bukit Bintang,KL Sentral,0
2026-06-23,Bukit Bintang,KLCC,7
2026-06-23,Bukit Bintang,Masjid Jamek,1
2026-06-23,Bukit Bintang,Pasar Seni,4
2026-06-23,KL Sentral,Bukit Bintang,0
2026-06-23,KL Sentral,KL Sentral,355
2026-06-23,KL Sentral,KLCC,1730
2026-06-23,KL Sentral,Masjid Jamek,432
2026-06-23,KL Sentral,Pasar Seni,906
2026-06-23,KLCC,Bukit Bintang,6
2026-06-23,KLCC,KL Sentral,1570
2026-06-23,KLCC,KLCC,285
2026-06-23,KLCC,Masjid Jamek,364
2026-06-23,KLCC,Pasar Seni,716
2026-06-23,Masjid Jamek,Bukit Bintang,17
2026-06-23,Masjid Jamek,KL Sentral,483
2026-06-23,Masjid Jamek,KLCC,367
2026-06-23,Masjid Jamek,Masjid Jamek,193
2026-06-23,Masjid Jamek,Pasar Seni,139
2026-06-23,Pasar Seni,Bukit Bintang,4
2026-06-23,Pasar Seni,KL Sentral,922
2026-06-23,Pasar Seni,KLCC,636
2026-06-23,Pasar Seni,Masjid Jamek,133
2026-06-23,Pasar Seni,Pasar Seni,388
2026-06-24,Bukit Bintang,Bukit Bintang,237
2026-06-24,Bukit Bintang,KL Sentral,0
2026-06-24,Bukit Bintang,KLCC,15
2026-06-24,Bukit Bintang,Masjid Jamek,1
2026-06-24,Bukit Bintang,Pasar Seni,2
2026-06-24,KL Sentral,Bukit Bintang,0
2026-06-24,KL Sentral,KL Sentral,331
2026-06-24,KL Sentral,KLCC,1706
2026-06-24,KL Sentral,Masjid Jamek,453
2026-06-24,KL Sentral,Pasar Seni,922
2026-06-24,KLCC,Bukit Bintang,12
2026-06-24,KLCC,KL Sentral,1561
2026-06-24,KLCC,KLCC,299
2026-06-24,KLCC,Masjid Jamek,305
2026-06-24,KLCC,Pasar Seni,684
2026-06-24,Masjid Jamek,Bukit Bintang,21
2026-06-24,Masjid Jamek,KL Sentral,459
2026-06-24,Masjid Jamek,KLCC,389
2026-06-24,Masjid Jamek,Masjid Jamek,188
2026-06-24,Masjid Jamek,Pasar Seni,126
2026-06-24,Pasar Seni,Bukit Bintang,0
2026-06-24,Pasar Seni,KL Sentral,897
2026-06-24,Pasar Seni,KLCC,660
2026-06-24,Pasar Seni,Masjid Jamek,138
2026-06-24,Pasar Seni,Pasar Seni,392
2026-06-25,Bukit Bintang,Bukit Bintang,248
2026-06-25,Bukit Bintang,KL Sentral,2
2026-06-25,Bukit Bintang,KLCC,0
2026-06-25,Bukit Bintang,Masjid Jamek,1
2026-06-25,Bukit Bintang,Pasar Seni,5
2026-06-25,KL Sentral,Bukit Bintang,5
2026-06-25,KL Sentral,KL Sentral,422
2026-06-25,KL Sentral,KLCC,1768
2026-06-25,KL Sentral,Masjid Jamek,455
2026-06-25,KL Sentral,Pasar Seni,935
2026-06-25,KLCC,Bukit Bintang,5
2026-06-25,KLCC,KL Sentral,1696
2026-06-25,KLCC,KLCC,350
2026-06-25,KLCC,Masjid Jamek,369
2026-06-25,KLCC,Pasar Seni,682
2026-06-25,Masjid Jamek,Bukit Bintang,21
2026-06-25,Masjid Jamek,KL Sentral,457
2026-06-25,Masjid Jamek,KLCC,440
2026-06-25,Masjid Jamek,Masjid Jamek,197
2026-06-25,Masjid Jamek,Pasar Seni,142
2026-06-25,Pasar Seni,Bukit Bintang,0
2026-06-25,Pasar Seni,KL Sentral,906
2026-06-25,Pasar Seni,KLCC,655
2026-06-25,Pasar Seni,Masjid Jamek,136
2026-06-25,Pasar Seni,Pasar Seni,390
2026-06-26,Bukit Bintang,Bukit Bintang,273
2026-06-26,Bukit Bintang,KL Sentral,1
2026-06-26,Bukit Bintang,KLCC,3
2026-06-26,Bukit Bintang,Masjid Jamek,6
2026-06-26,Bukit Bintang,Pasar Seni,10
2026-06-26,KL Sentral,Bukit Bintang,4
2026-06-26,KL Sentral,KL Sentral,287
2026-06-26,KL Sentral,KLCC,1736
2026-06-26,KL Sentral,Masjid Jamek,472
2026-06-26,KL Sentral,Pasar Seni,1238
2026-06-26,KLCC,Bukit Bintang,14
2026-06-26,KLCC,KL Sentral,1574
2026-06-26,KLCC,KLCC,231
2026-06-26,KLCC,Masjid Jamek,456
2026-06-26,KLCC,Pasar Seni,914
2026-06-26,Masjid Jamek,Bukit Bintang,20
2026-06-26,Masjid Jamek,KL Sentral,503
2026-06-26,Masjid Jamek,KLCC,642
2026-06-26,Masjid Jamek,Masjid Jamek,157
2026-06-26,Masjid Jamek,Pasar Seni,179
2026-06-26,Pasar Seni,Bukit Bintang,1
2026-06-26,Pasar Seni,KL Sentral,1196
2026-06-26,Pasar Seni,KLCC,916
2026-06-26,Pasar Seni,Masjid Jamek,143
2026-06-26,Pasar Seni,Pasar Seni,464
2026-06-27,Bukit Bintang,Bukit Bintang,323
2026-06-27,Bukit Bintang,KL Sentral,3
2026-06-27,Bukit Bintang,KLCC,10
2026-06-27,Bukit Bintang,Masjid Jamek,2
2026-06-27,Bukit Bintang,Pasar Seni,6
2026-06-27,KL Sentral,Bukit Bintang,9
2026-06-27,KL Sentral,KL Sentral,258
2026-06-27,KL Sentral,KLCC,1503
2026-06-27,KL Sentral,Masjid Jamek,273
2026-06-27,KL Sentral,Pasar Seni,1459
2026-06-27,KLCC,Bukit Bintang,10
2026-06-27,KLCC,KL Sentral,1236
2026-06-27,KLCC,KLCC,238
2026-06-27,KLCC,Masjid Jamek,268
2026-06-27,KLCC,Pasar Seni,1152
2026-06-27,Masjid Jamek,Bukit Bintang,25
2026-06-27,Masjid Jamek,KL Sentral,208
2026-06-27,Masjid Jamek,KLCC,248
2026-06-27,Masjid Jamek,Masjid Jamek,123
2026-06-27,Masjid Jamek,Pasar Seni,124
2026-06-27,Pasar Seni,Bukit Bintang,2
2026-06-27,Pasar Seni,KL Sentral,1435
2026-06-27,Pasar Seni,KLCC,1285
2026-06-27,Pasar Seni,Masjid Jamek,95
2026-06-27,Pasar Seni,Pasar Seni,467
2026-06-28,Bukit Bintang,Bukit Bintang,314
2026-06-28,Bukit Bintang,KL Sentral,1
2026-06-28,Bukit Bintang,KLCC,20
2026-06-28,Bukit Bintang,Masjid Jamek,3
2026-06-28,Bukit Bintang,Pasar Seni,1
2026-06-28,KL Sentral,Bukit Bintang,1
2026-06-28,KL Sentral,KL Sentral,228
2026-06-28,KL Sentral,KLCC,1265
2026-06-28,KL Sentral,Masjid Jamek,260
2026-06-28,KL Sentral,Pasar Seni,1444
2026-06-28,KLCC,Bukit Bintang,14
2026-06-28,KLCC,KL Sentral,1135
2026-06-28,KLCC,KLCC,207
2026-06-28,KLCC,Masjid Jamek,385
2026-06-28,KLCC,Pasar Seni,987
2026-06-28,Masjid Jamek,Bukit Bintang,35
2026-06-28,Masjid Jamek,KL Sentral,291
2026-06-28,Masjid Jamek,KLCC,328
2026-06-28,Masjid Jamek,Masjid Jamek,136
2026-06-28,Masjid Jamek,Pasar Seni,122
2026-06-28,Pasar Seni,Bukit Bintang,0
2026-06-28,Pasar Seni,KL Sentral,1461
2026-06-28,Pasar Seni,KLCC,1020
2026-06-28,Pasar Seni,Masjid Jamek,96
2026-06-28,Pasar Seni,Pasar Seni,537
2026-06-29,Bukit Bintang,Bukit Bintang,237
2026-06-29,Bukit Bintang,KL Sentral,0
2026-06-29,Bukit Bintang,KLCC,15
2026-06-29,Bukit Bintang,Masjid Jamek,7
2026-06-29,Bukit Bintang,Pasar Seni,7
2026-06-29,KL Sentral,Bukit Bintang,0
2026-06-29,KL Sentral,KL Sentral,232
2026-06-29,KL Sentral,KLCC,1813
2026-06-29,KL Sentral,Masjid Jamek,441
2026-06-29,KL Sentral,Pasar Seni,1006
2026-06-29,KLCC,Bukit Bintang,8
2026-06-29,KLCC,KL Sentral,1589
2026-06-29,KLCC,KLCC,223
2026-06-29,KLCC,Masjid Jamek,355
2026-06-29,KLCC,Pasar Seni,754
2026-06-29,Masjid Jamek,Bukit Bintang,12
2026-06-29,Masjid Jamek,KL Sentral,469
2026-06-29,Masjid Jamek,KLCC,408
2026-06-29,Masjid Jamek,Masjid Jamek,218
2026-06-29,Masjid Jamek,Pasar Seni,133
2026-06-29,Pasar Seni,Bukit Bintang,2
2026-06-29,Pasar Seni,KL Sentral,964
2026-06-29,Pasar Seni,KLCC,711
2026-06-29,Pasar Seni,Masjid Jamek,157
2026-06-29,Pasar Seni,Pasar Seni,343
2026-06-30,Bukit Bintang,Bukit Bintang,234
2026-06-30,Bukit Bintang,KL Sentral,0
2026-06-30,Bukit Bintang,KLCC,10
2026-06-30,Bukit Bintang,Masjid Jamek,3
2026-06-30,Bukit Bintang,Pasar Seni,6
2026-06-30,KL Sentral,Bukit Bintang,0
2026-06-30,KL Sentral,KL Sentral,780
2026-06-30,KL Sentral,KLCC,1819
2026-06-30,KL Sentral,Masjid Jamek,470
2026-06-30,KL Sentral,Pasar Seni,964
2026-06-30,KLCC,Bukit Bintang,11
2026-06-30,KLCC,KL Sentral,1750
2026-06-30,KLCC,KLCC,465
2026-06-30,KLCC,Masjid Jamek,360
2026-06-30,KLCC,Pasar Seni,724
2026-06-30,Masjid Jamek,Bukit Bintang,13
2026-06-30,Masjid Jamek,KL Sentral,455
2026-06-30,Masjid Jamek,KLCC,424
2026-06-30,Masjid Jamek,Masjid Jamek,238
2026-06-30,Masjid Jamek,Pasar Seni,151
2026-06-30,Pasar Seni,Bukit Bintang,0
2026-06-30,Pasar Seni,KL Sentral,859
2026-06-30,Pasar Seni,KLCC,718
2026-06-30,Pasar Seni,Masjid Jamek,134
2026-06-30,Pasar Seni,Pasar Seni,371
2026-07-01,Bukit Bintang,Bukit Bintang,255
2026-07-01,Bukit Bintang,KL Sentral,1
2026-07-01,Bukit Bintang,KLCC,13
2026-07-01,Bukit Bintang,Masjid Jamek,2
2026-07-01,Bukit Bintang,Pasar Seni,4
2026-07-01,KL Sentral,Bukit Bintang,2
2026-07-01,KL Sentral,KL Sentral,313
2026-07-01,KL Sentral,KLCC,1833
2026-07-01,KL Sentral,Masjid Jamek,470
2026-07-01,KL Sentral,Pasar Seni,915
2026-07-01,KLCC,Bukit Bintang,6
2026-07-01,KLCC,KL Sentral,1679
2026-07-01,KLCC,KLCC,218
2026-07-01,KLCC,Masjid Jamek,343
2026-07-01,KLCC,Pasar Seni,907
2026-07-01,Masjid Jamek,Bukit Bintang,15
2026-07-01,Masjid Jamek,KL Sentral,499
2026-07-01,Masjid Jamek,KLCC,477
2026-07-01,Masjid Jamek,Masjid Jamek,231
2026-07-01,Masjid Jamek,Pasar Seni,140
2026-07-01,Pasar Seni,Bukit Bintang,2
2026-07-01,Pasar Seni,KL Sentral,1012
2026-07-01,Pasar Seni,KLCC,868
2026-07-01,Pasar Seni,Masjid Jamek,130
2026-07-01,Pasar Seni,Pasar Seni,429
2026-07-02,Bukit Bintang,Bukit Bintang,219
2026-07-02,Bukit Bintang,KL Sentral,0
2026-07-02,Bukit Bintang,KLCC,5
2026-07-02,Bukit Bintang,Masjid Jamek,1
2026-07-02,Bukit Bintang,Pasar Seni,6
2026-07-02,KL Sentral,Bukit Bintang,1
2026-07-02,KL Sentral,KL Sentral,266
2026-07-02,KL Sentral,KLCC,1936
2026-07-02,KL Sentral,Masjid Jamek,479
2026-07-02,KL Sentral,Pasar Seni,1017
2026-07-02,KLCC,Bukit Bintang,10
2026-07-02,KLCC,KL Sentral,1733
2026-07-02,KLCC,KLCC,249
2026-07-02,KLCC,Masjid Jamek,394
2026-07-02,KLCC,Pasar Seni,949
2026-07-02,Masjid Jamek,Bukit Bintang,21
2026-07-02,Masjid Jamek,KL Sentral,486
2026-07-02,Masjid Jamek,KLCC,489
2026-07-02,Masjid Jamek,Masjid Jamek,212
2026-07-02,Masjid Jamek,Pasar Seni,140
2026-07-02,Pasar Seni,Bukit Bintang,5
2026-07-02,Pasar Seni,KL Sentral,1048
2026-07-02,Pasar Seni,KLCC,841
2026-07-02,Pasar Seni,Masjid Jamek,147
2026-07-02,Pasar Seni,Pasar Seni,395
2026-07-03,Bukit Bintang,Bukit Bintang,290
2026-07-03,Bukit Bintang,KL Sentral,0
2026-07-03,Bukit Bintang,KLCC,8
2026-07-03,Bukit Bintang,Masjid Jamek,1
2026-07-03,Bukit Bintang,Pasar Seni,4
2026-07-03,KL Sentral,Bukit Bintang,7
2026-07-03,KL Sentral,KL Sentral,364
2026-07-03,KL Sentral,KLCC,1775
2026-07-03,KL Sentral,Masjid Jamek,509
2026-07-03,KL Sentral,Pasar Seni,1182
2026-07-03,KLCC,Bukit Bintang,0
2026-07-03,KLCC,KL Sentral,1627
2026-07-03,KLCC,KLCC,289
2026-07-03,KLCC,Masjid Jamek,532
2026-07-03,KLCC,Pasar Seni,925
2026-07-03,Masjid Jamek,Bukit Bintang,22
2026-07-03,Masjid Jamek,KL Sentral,574
2026-07-03,Masjid Jamek,KLCC,627
2026-07-03,Masjid Jamek,Masjid Jamek,219
2026-07-03,Masjid Jamek,Pasar Seni,175
2026-07-03,Pasar Seni,Bukit Bintang,0
2026-07-03,Pasar Seni,KL Sentral,1237
2026-07-03,Pasar Seni,KLCC,798
2026-07-03,Pasar Seni,Masjid Jamek,130
2026-07-03,Pasar Seni,Pasar Seni,442
2026-07-04,Bukit Bintang,Bukit Bintang,362
2026-07-04,Bukit Bintang,KL Sentral,1
2026-07-04,Bukit Bintang,KLCC,11
2026-07-04,Bukit Bintang,Masjid Jamek,3
2026-07-04,Bukit Bintang,Pasar Seni,10
2026-07-04,KL Sentral,Bukit Bintang,0
2026-07-04,KL Sentral,KL Sentral,296
2026-07-04,KL Sentral,KLCC,1514
2026-07-04,KL Sentral,Masjid Jamek,320
2026-07-04,KL Sentral,Pasar Seni,1402
2026-07-04,KLCC,Bukit Bintang,3
2026-07-04,KLCC,KL Sentral,1237
2026-07-04,KLCC,KLCC,163
2026-07-04,KLCC,Masjid Jamek,245
2026-07-04,KLCC,Pasar Seni,1051
2026-07-04,Masjid Jamek,Bukit Bintang,30
2026-07-04,Masjid Jamek,KL Sentral,259
2026-07-04,Masjid Jamek,KLCC,313
2026-07-04,Masjid Jamek,Masjid Jamek,143
2026-07-04,Masjid Jamek,Pasar Seni,105
2026-07-04,Pasar Seni,Bukit Bintang,3
2026-07-04,Pasar Seni,KL Sentral,1388
2026-07-04,Pasar Seni,KLCC,1009
2026-07-04,Pasar Seni,Masjid Jamek,110
2026-07-04,Pasar Seni,Pasar Seni,494
2026-07-05,Bukit Bintang,Bukit Bintang,357
2026-07-05,Bukit Bintang,KL Sentral,2
2026-07-05,Bukit Bintang,KLCC,18
2026-07-05,Bukit Bintang,Masjid Jamek,0
2026-07-05,Bukit Bintang,Pasar Seni,8
2026-07-05,KL Sentral,Bukit Bintang,0
2026-07-05,KL Sentral,KL Sentral,270
2026-07-05,KL Sentral,KLCC,1281
2026-07-05,KL Sentral,Masjid Jamek,292
2026-07-05,KL Sentral,Pasar Seni,1179
2026-07-05,KLCC,Bukit Bintang,2
2026-07-05,KLCC,KL Sentral,1177
2026-07-05,KLCC,KLCC,146
2026-07-05,KLCC,Masjid Jamek,353
2026-07-05,KLCC,Pasar Seni,835
2026-07-05,Masjid Jamek,Bukit Bintang,27
2026-07-05,Masjid Jamek,KL Sentral,269
2026-07-05,Masjid Jamek,KLCC,353
2026-07-05,Masjid Jamek,Masjid Jamek,156
2026-07-05,Masjid Jamek,Pasar Seni,90
2026-07-05,Pasar Seni,Bukit Bintang,9
2026-07-05,Pasar Seni,KL Sentral,1369
2026-07-05,Pasar Seni,KLCC,874
2026-07-05,Pasar Seni,Masjid Jamek,80
2026-07-05,Pasar Seni,Pasar Seni,456
2026-07-06,Bukit Bintang,Bukit Bintang,259
2026-07-06,Bukit Bintang,KL Sentral,1
2026-07-06,Bukit Bintang,KLCC,11
2026-07-06,Bukit Bintang,Masjid Jamek,0
2026-07-06,Bukit Bintang,Pasar Seni,1
2026-07-06,KL Sentral,Bukit Bintang,2
2026-07-06,KL Sentral,KL Sentral,317
2026-07-06,KL Sentral,KLCC,1807
2026-07-06,KL Sentral,Masjid Jamek,511
2026-07-06,KL Sentral,Pasar Seni,963
2026-07-06,KLCC,Bukit Bintang,0
2026-07-06,KLCC,KL Sentral,1550
2026-07-06,KLCC,KLCC,211
2026-07-06,KLCC,Masjid Jamek,389
2026-07-06,KLCC,Pasar Seni,679
2026-07-06,Masjid Jamek,Bukit Bintang,12
2026-07-06,Masjid Jamek,KL Sentral,495
2026-07-06,Masjid Jamek,KLCC,425
2026-07-06,Masjid Jamek,Masjid Jamek,188
2026-07-06,Masjid Jamek,Pasar Seni,143
2026-07-06,Pasar Seni,Bukit Bintang,0
2026-07-06,Pasar Seni,KL Sentral,1038
2026-07-06,Pasar Seni,KLCC,698
2026-07-06,Pasar Seni,Masjid Jamek,115
2026-07-06,Pasar Seni,Pasar Seni,376
2026-07-07,Bukit Bintang,Bukit Bintang,281
2026-07-07,Bukit Bintang,KL Sentral,0
2026-07-07,Bukit Bintang,KLCC,2
2026-07-07,Bukit Bintang,Masjid Jamek,1
2026-07-07,Bukit Bintang,Pasar Seni,2
2026-07-07,KL Sentral,Bukit Bintang,5
2026-07-07,KL Sentral,KL Sentral,359
2026-07-07,KL Sentral,KLCC,1769
2026-07-07,KL Sentral,Masjid Jamek,481
2026-07-07,KL Sentral,Pasar Seni,965
2026-07-07,KLCC,Bukit Bintang,4
2026-07-07,KLCC,KL Sentral,1640
2026-07-07,KLCC,KLCC,289
2026-07-07,KLCC,Masjid Jamek,408
2026-07-07,KLCC,Pasar Seni,862
2026-07-07,Masjid Jamek,Bukit Bintang,22
2026-07-07,Masjid Jamek,KL Sentral,507
2026-07-07,Masjid Jamek,KLCC,497
2026-07-07,Masjid Jamek,Masjid Jamek,198
2026-07-07,Masjid Jamek,Pasar Seni,149
2026-07-07,Pasar Seni,Bukit Bintang,2
2026-07-07,Pasar Seni,KL Sentral,998
2026-07-07,Pasar Seni,KLCC,702
2026-07-07,Pasar Seni,Masjid Jamek,123
2026-07-07,Pasar Seni,Pasar Seni,409
2026-07-08,Bukit Bintang,Bukit Bintang,260
2026-07-08,Bukit Bintang,KL Sentral,0
2026-07-08,Bukit Bintang,KLCC,2
2026-07-08,Bukit Bintang,Masjid Jamek,0
2026-07-08,Bukit Bintang,Pasar Seni,5
2026-07-08,KL Sentral,Bukit Bintang,11
2026-07-08,KL Sentral,KL Sentral,265
2026-07-08,KL Sentral,KLCC,1772
2026-07-08,KL Sentral,Masjid Jamek,487
2026-07-08,KL Sentral,Pasar Seni,993
2026-07-08,KLCC,Bukit Bintang,2
2026-07-08,KLCC,KL Sentral,1653
2026-07-08,KLCC,KLCC,222
2026-07-08,KLCC,Masjid Jamek,377
2026-07-08,KLCC,Pasar Seni,878
2026-07-08,Masjid Jamek,Bukit Bintang,17
2026-07-08,Masjid Jamek,KL Sentral,483
2026-07-08,Masjid Jamek,KLCC,455
2026-07-08,Masjid Jamek,Masjid Jamek,215
2026-07-08,Masjid Jamek,Pasar Seni,174
2026-07-08,Pasar Seni,Bukit Bintang,1
2026-07-08,Pasar Seni,KL Sentral,1019
2026-07-08,Pasar Seni,KLCC,779
2026-07-08,Pasar Seni,Masjid Jamek,163
2026-07-08,Pasar Seni,Pasar Seni,368
2026-07-09,Bukit Bintang,Bukit Bintang,262
2026-07-09,Bukit Bintang,KL Sentral,0
2026-07-09,Bukit Bintang,KLCC,8
2026-07-09,Bukit Bintang,Masjid Jamek,3
2026-07-09,Bukit Bintang,Pasar Seni,5
2026-07-09,KL Sentral,Bukit Bintang,0
2026-07-09,KL Sentral,KL Sentral,299
2026-07-09,KL Sentral,KLCC,1940
2026-07-09,KL Sentral,Masjid Jamek,482
2026-07-09,KL Sentral,Pasar Seni,1020
2026-07-09,KLCC,Bukit Bintang,1
2026-07-09,KLCC,KL Sentral,1763
2026-07-09,KLCC,KLCC,229
2026-07-09,KLCC,Masjid Jamek,441
2026-07-09,KLCC,Pasar Seni,854
2026-07-09,Masjid Jamek,Bukit Bintang,25
2026-07-09,Masjid Jamek,KL Sentral,513
2026-07-09,Masjid Jamek,KLCC,525
2026-07-09,Masjid Jamek,Masjid Jamek,261
2026-07-09,Masjid Jamek,Pasar Seni,156
2026-07-09,Pasar Seni,Bukit Bintang,2
2026-07-09,Pasar Seni,KL Sentral,1031
2026-07-09,Pasar Seni,KLCC,834
2026-07-09,Pasar Seni,Masjid Jamek,123
2026-07-09,Pasar Seni,Pasar Seni,352
2026-07-10,Bukit Bintang,Bukit Bintang,284
2026-07-10,Bukit Bintang,KL Sentral,0
2026-07-10,Bukit Bintang,KLCC,4
2026-07-10,Bukit Bintang,Masjid Jamek,2
2026-07-10,Bukit Bintang,Pasar Seni,3
2026-07-10,KL Sentral,Bukit Bintang,2
2026-07-10,KL Sentral,KL Sentral,313
2026-07-10,KL Sentral,KLCC,1818
2026-07-10,KL Sentral,Masjid Jamek,503
2026-07-10,KL Sentral,Pasar Seni,1146
2026-07-10,KLCC,Bukit Bintang,2
2026-07-10,KLCC,KL Sentral,1607
2026-07-10,KLCC,KLCC,218
2026-07-10,KLCC,Masjid Jamek,500
2026-07-10,KLCC,Pasar Seni,785
2026-07-10,Masjid Jamek,Bukit Bintang,30
2026-07-10,Masjid Jamek,KL Sentral,542
2026-07-10,Masjid Jamek,KLCC,604
2026-07-10,Masjid Jamek,Masjid Jamek,214
2026-07-10,Masjid Jamek,Pasar Seni,146
2026-07-10,Pasar Seni,Bukit Bintang,0
2026-07-10,Pasar Seni,KL Sentral,1127
2026-07-10,Pasar Seni,KLCC,807
2026-07-10,Pasar Seni,Masjid Jamek,150
2026-07-10,Pasar Seni,Pasar Seni,423
2026-07-11,Bukit Bintang,Bukit Bintang,413
2026-07-11,Bukit Bintang,KL Sentral,0
2026-07-11,Bukit Bintang,KLCC,8
2026-07-11,Bukit Bintang,Masjid Jamek,0
2026-07-11,Bukit Bintang,Pasar Seni,8
2026-07-11,KL Sentral,Bukit Bintang,7
2026-07-11,KL Sentral,KL Sentral,285
2026-07-11,KL Sentral,KLCC,1583
2026-07-11,KL Sentral,Masjid Jamek,244
2026-07-11,KL Sentral,Pasar Seni,1189
2026-07-11,KLCC,Bukit Bintang,7
2026-07-11,KLCC,KL Sentral,1357
2026-07-11,KLCC,KLCC,188
2026-07-11,KLCC,Masjid Jamek,263
2026-07-11,KLCC,Pasar Seni,1147
2026-07-11,Masjid Jamek,Bukit Bintang,15
2026-07-11,Masjid Jamek,KL Sentral,263
2026-07-11,Masjid Jamek,KLCC,289
2026-07-11,Masjid Jamek,Masjid Jamek,144
2026-07-11,Masjid Jamek,Pasar Seni,91
2026-07-11,Pasar Seni,Bukit Bintang,2
2026-07-11,Pasar Seni,KL Sentral,1207
2026-07-11,Pasar Seni,KLCC,1195
2026-07-11,Pasar Seni,Masjid Jamek,77
2026-07-11,Pasar Seni,Pasar Seni,535
2026-07-12,Bukit Bintang,Bukit Bintang,284
2026-07-12,Bukit Bintang,KL Sentral,0
2026-07-12,Bukit Bintang,KLCC,15
2026-07-12,Bukit Bintang,Masjid Jamek,4
2026-07-12,Bukit Bintang,Pasar Seni,8
2026-07-12,KL Sentral,Bukit Bintang,2
2026-07-12,KL Sentral,KL Sentral,244
2026-07-12,KL Sentral,KLCC,1457
2026-07-12,KL Sentral,Masjid Jamek,299
2026-07-12,KL Sentral,Pasar Seni,1251
2026-07-12,KLCC,Bukit Bintang,2
2026-07-12,KLCC,KL Sentral,1303
2026-07-12,KLCC,KLCC,238
2026-07-12,KLCC,Masjid Jamek,389
2026-07-12,KLCC,Pasar Seni,1126
2026-07-12,Masjid Jamek,Bukit Bintang,34
2026-07-12,Masjid Jamek,KL Sentral,323
2026-07-12,Masjid Jamek,KLCC,354
2026-07-12,Masjid Jamek,Masjid Jamek,163
2026-07-12,Masjid Jamek,Pasar Seni,93
2026-07-12,Pasar Seni,Bukit Bintang,3
2026-07-12,Pasar Seni,KL Sentral,1394
2026-07-12,Pasar Seni,KLCC,1066
2026-07-12,Pasar Seni,Masjid Jamek,96
2026-07-12,Pasar Seni,Pasar Seni,466
2026-07-13,Bukit Bintang,Bukit Bintang,251
2026-07-13,Bukit Bintang,KL Sentral,1
2026-07-13,Bukit Bintang,KLCC,1
2026-07-13,Bukit Bintang,Masjid Jamek,9
2026-07-13,Bukit Bintang,Pasar Seni,4
2026-07-13,KL Sentral,Bukit Bintang,0
2026-07-13,KL Sentral,KL Sentral,343
2026-07-13,KL Sentral,KLCC,1664
2026-07-13,KL Sentral,Masjid Jamek,474
2026-07-13,KL Sentral,Pasar Seni,948
2026-07-13,KLCC,Bukit Bintang,2
2026-07-13,KLCC,KL Sentral,1463
2026-07-13,KLCC,KLCC,201
2026-07-13,KLCC,Masjid Jamek,357
2026-07-13,KLCC,Pasar Seni,747
2026-07-13,Masjid Jamek,Bukit Bintang,16
2026-07-13,Masjid Jamek,KL Sentral,461
2026-07-13,Masjid Jamek,KLCC,430
2026-07-13,Masjid Jamek,Masjid Jamek,173
2026-07-13,Masjid Jamek,Pasar Seni,162
2026-07-13,Pasar Seni,Bukit Bintang,2
2026-07-13,Pasar Seni,KL Sentral,1052
2026-07-13,Pasar Seni,KLCC,728
2026-07-13,Pasar Seni,Masjid Jamek,119
2026-07-13,Pasar Seni,Pasar Seni,415
2026-07-14,Bukit Bintang,Bukit Bintang,254
2026-07-14,Bukit Bintang,KL Sentral,0
2026-07-14,Bukit Bintang,KLCC,6
2026-07-14,Bukit Bintang,Masjid Jamek,0
2026-07-14,Bukit Bintang,Pasar Seni,3
2026-07-14,KL Sentral,Bukit Bintang,4
2026-07-14,KL Sentral,KL Sentral,481
2026-07-14,KL Sentral,KLCC,1771
2026-07-14,KL Sentral,Masjid Jamek,467
2026-07-14,KL Sentral,Pasar Seni,890
2026-07-14,KLCC,Bukit Bintang,5
2026-07-14,KLCC,KL Sentral,1606
2026-07-14,KLCC,KLCC,245
2026-07-14,KLCC,Masjid Jamek,380
2026-07-14,KLCC,Pasar Seni,849
2026-07-14,Masjid Jamek,Bukit Bintang,18
2026-07-14,Masjid Jamek,KL Sentral,464
2026-07-14,Masjid Jamek,KLCC,493
2026-07-14,Masjid Jamek,Masjid Jamek,188
2026-07-14,Masjid Jamek,Pasar Seni,148
2026-07-14,Pasar Seni,Bukit Bintang,1
2026-07-14,Pasar Seni,KL Sentral,927
2026-07-14,Pasar Seni,KLCC,745
2026-07-14,Pasar Seni,Masjid Jamek,109
2026-07-14,Pasar Seni,Pasar Seni,386
2026-07-15,Bukit Bintang,Bukit Bintang,288
2026-07-15,Bukit Bintang,KL Sentral,0
2026-07-15,Bukit Bintang,KLCC,6
2026-07-15,Bukit Bintang,Masjid Jamek,2
2026-07-15,Bukit Bintang,Pasar Seni,14
2026-07-15,KL Sentral,Bukit Bintang,2
2026-07-15,KL Sentral,KL Sentral,373
2026-07-15,KL Sentral,KLCC,1920
2026-07-15,KL Sentral,Masjid Jamek,522
2026-07-15,KL Sentral,Pasar Seni,1015
2026-07-15,KLCC,Bukit Bintang,7
2026-07-15,KLCC,KL Sentral,1718
2026-07-15,KLCC,KLCC,209
2026-07-15,KLCC,Masjid Jamek,376
2026-07-15,KLCC,Pasar Seni,865
2026-07-15,Masjid Jamek,Bukit Bintang,13
2026-07-15,Masjid Jamek,KL Sentral,475
2026-07-15,Masjid Jamek,KLCC,463
2026-07-15,Masjid Jamek,Masjid Jamek,196
2026-07-15,Masjid Jamek,Pasar Seni,151
2026-07-15,Pasar Seni,Bukit Bintang,4
2026-07-15,Pasar Seni,KL Sentral,993
2026-07-15,Pasar Seni,KLCC,811
2026-07-15,Pasar Seni,Masjid Jamek,135
2026-07-15,Pasar Seni,Pasar Seni,409
2026-07-16,Bukit Bintang,Bukit Bintang,264
2026-07-16,Bukit Bintang,KL Sentral,0
2026-07-16,Bukit Bintang,KLCC,2
2026-07-16,Bukit Bintang,Masjid Jamek,5
2026-07-16,Bukit Bintang,Pasar Seni,6
2026-07-16,KL Sentral,Bukit Bintang,0
2026-07-16,KL Sentral,KL Sentral,330
2026-07-16,KL Sentral,KLCC,1775
2026-07-16,KL Sentral,Masjid Jamek,495
2026-07-16,KL Sentral,Pasar Seni,966
2026-07-16,KLCC,Bukit Bintang,2
2026-07-16,KLCC,KL Sentral,1787
2026-07-16,KLCC,KLCC,319
2026-07-16,KLCC,Masjid Jamek,389
2026-07-16,KLCC,Pasar Seni,815
2026-07-16,Masjid Jamek,Bukit Bintang,20
2026-07-16,Masjid Jamek,KL Sentral,492
2026-07-16,Masjid Jamek,KLCC,459
2026-07-16,Masjid Jamek,Masjid Jamek,179
2026-07-16,Masjid Jamek,Pasar Seni,128
2026-07-16,Pasar Seni,Bukit Bintang,0
2026-07-16,Pasar Seni,KL Sentral,1027
2026-07-16,Pasar Seni,KLCC,822
2026-07-16,Pasar Seni,Masjid Jamek,143
2026-07-16,Pasar Seni,Pasar Seni,335
2026-07-17,Bukit Bintang,Bukit Bintang,357
2026-07-17,Bukit Bintang,KL Sentral,0
2026-07-17,Bukit Bintang,KLCC,5
2026-07-17,Bukit Bintang,Masjid Jamek,1
2026-07-17,Bukit Bintang,Pasar Seni,2
2026-07-17,KL Sentral,Bukit Bintang,1
2026-07-17,KL Sentral,KL Sentral,372
2026-07-17,KL Sentral,KLCC,1811
2026-07-17,KL Sentral,Masjid Jamek,472
2026-07-17,KL Sentral,Pasar Seni,1131
2026-07-17,KLCC,Bukit Bintang,3
2026-07-17,KLCC,KL Sentral,1722
2026-07-17,KLCC,KLCC,274
2026-07-17,KLCC,Masjid Jamek,512
2026-07-17,KLCC,Pasar Seni,1077
2026-07-17,Masjid Jamek,Bukit Bintang,30
2026-07-17,Masjid Jamek,KL Sentral,539
2026-07-17,Masjid Jamek,KLCC,685
2026-07-17,Masjid Jamek,Masjid Jamek,218
2026-07-17,Masjid Jamek,Pasar Seni,163
2026-07-17,Pasar Seni,Bukit Bintang,1
2026-07-17,Pasar Seni,KL Sentral,1147
2026-07-17,Pasar Seni,KLCC,853
2026-07-17,Pasar Seni,Masjid Jamek,157
2026-07-17,Pasar Seni,Pasar Seni,411
2026-07-18,Bukit Bintang,Bukit Bintang,336
2026-07-18,Bukit Bintang,KL Sentral,0
2026-07-18,Bukit Bintang,KLCC,10
2026-07-18,Bukit Bintang,Masjid Jamek,4
2026-07-18,Bukit Bintang,Pasar Seni,3
2026-07-18,KL Sentral,Bukit Bintang,0
2026-07-18,KL Sentral,KL Sentral,291
2026-07-18,KL Sentral,KLCC,1366
2026-07-18,KL Sentral,Masjid Jamek,282
2026-07-18,KL Sentral,Pasar Seni,1156
2026-07-18,KLCC,Bukit Bintang,13
2026-07-18,KLCC,KL Sentral,1248
2026-07-18,KLCC,KLCC,192
2026-07-18,KLCC,Masjid Jamek,294
2026-07-18,KLCC,Pasar Seni,889
2026-07-18,Masjid Jamek,Bukit Bintang,13
2026-07-18,Masjid Jamek,KL Sentral,257
2026-07-18,Masjid Jamek,KLCC,231
2026-07-18,Masjid Jamek,Masjid Jamek,154
2026-07-18,Masjid Jamek,Pasar Seni,76
2026-07-18,Pasar Seni,Bukit Bintang,4
2026-07-18,Pasar Seni,KL Sentral,1032
2026-07-18,Pasar Seni,KLCC,949
2026-07-18,Pasar Seni,Masjid Jamek,101
2026-07-18,Pasar Seni,Pasar Seni,454
2026-07-19,Bukit Bintang,Bukit Bintang,302
2026-07-19,Bukit Bintang,KL Sentral,0
2026-07-19,Bukit Bintang,KLCC,4
2026-07-19,Bukit Bintang,Masjid Jamek,10
2026-07-19,Bukit Bintang,Pasar Seni,12
2026-07-19,KL Sentral,Bukit Bintang,0
2026-07-19,KL Sentral,KL Sentral,295
2026-07-19,KL Sentral,KLCC,1215
2026-07-19,KL Sentral,Masjid Jamek,347
2026-07-19,KL Sentral,Pasar Seni,1167
2026-07-19,KLCC,Bukit Bintang,8
2026-07-19,KLCC,KL Sentral,1063
2026-07-19,KLCC,KLCC,206
2026-07-19,KLCC,Masjid Jamek,402
2026-07-19,KLCC,Pasar Seni,883
2026-07-19,Masjid Jamek,Bukit Bintang,22
2026-07-19,Masjid Jamek,KL Sentral,319
2026-07-19,Masjid Jamek,KLCC,337
2026-07-19,Masjid Jamek,Masjid Jamek,170
2026-07-19,Masjid Jamek,Pasar Seni,102
2026-07-19,Pasar Seni,Bukit Bintang,3
2026-07-19,Pasar Seni,KL Sentral,1328
2026-07-19,Pasar Seni,KLCC,1005
2026-07-19,Pasar Seni,Masjid Jamek,90
2026-07-19,Pasar Seni,Pasar Seni,454
2026-07-20,Bukit Bintang,Bukit Bintang,239
2026-07-20,Bukit Bintang,KL Sentral,0
2026-07-20,Bukit Bintang,KLCC,2
2026-07-20,Bukit Bintang,Masjid Jamek,1
2026-07-20,Bukit Bintang,Pasar Seni,16
2026-07-20,KL Sentral,Bukit Bintang,1
2026-07-20,KL Sentral,KL Sentral,319
2026-07-20,KL Sentral,KLCC,1572
2026-07-20,KL Sentral,Masjid Jamek,495
2026-07-20,KL Sentral,Pasar Seni,863
2026-07-20,KLCC,Bukit Bintang,2
2026-07-20,KLCC,KL Sentral,1589
2026-07-20,KLCC,KLCC,188
2026-07-20,KLCC,Masjid Jamek,332
2026-07-20,KLCC,Pasar Seni,673
2026-07-20,Masjid Jamek,Bukit Bintang,31
2026-07-20,Masjid Jamek,KL Sentral,460
2026-07-20,Masjid Jamek,KLCC,377
2026-07-20,Masjid Jamek,Masjid Jamek,204
2026-07-20,Masjid Jamek,Pasar Seni,159
2026-07-20,Pasar Seni,Bukit Bintang,4
2026-07-20,Pasar Seni,KL Sentral,935
2026-07-20,Pasar Seni,KLCC,703
2026-07-20,Pasar Seni,Masjid Jamek,122
2026-07-20,Pasar Seni,Pasar Seni,427
2026-07-21,Bukit Bintang,Bukit Bintang,214
2026-07-21,Bukit Bintang,KL Sentral,0
2026-07-21,Bukit Bintang,KLCC,7
2026-07-21,Bukit Bintang,Masjid Jamek,1
2026-07-21,Bukit Bintang,Pasar Seni,0
2026-07-21,KL Sentral,Bukit Bintang,0
2026-07-21,KL Sentral,KL Sentral,300
2026-07-21,KL Sentral,KLCC,1753
2026-07-21,KL Sentral,Masjid Jamek,448
2026-07-21,KL Sentral,Pasar Seni,935
2026-07-21,KLCC,Bukit Bintang,8
2026-07-21,KLCC,KL Sentral,1649
2026-07-21,KLCC,KLCC,200
2026-07-21,KLCC,Masjid Jamek,346
2026-07-21,KLCC,Pasar Seni,930
2026-07-21,Masjid Jamek,Bukit Bintang,24
2026-07-21,Masjid Jamek,KL Sentral,491
2026-07-21,Masjid Jamek,KLCC,456
2026-07-21,Masjid Jamek,Masjid Jamek,196
2026-07-21,Masjid Jamek,Pasar Seni,155
2026-07-21,Pasar Seni,Bukit Bintang,1
2026-07-21,Pasar Seni,KL Sentral,986
2026-07-21,Pasar Seni,KLCC,915
2026-07-21,Pasar Seni,Masjid Jamek,132
2026-07-21,Pasar Seni,Pasar Seni,322
2026-07-22,Bukit Bintang,Bukit Bintang,244
2026-07-22,Bukit Bintang,KL Sentral,0
2026-07-22,Bukit Bintang,KLCC,10
2026-07-22,Bukit Bintang,Masjid Jamek,0
2026-07-22,Bukit Bintang,Pasar Seni,4
2026-07-22,KL Sentral,Bukit Bintang,0
2026-07-22,KL Sentral,KL Sentral,345
2026-07-22,KL Sentral,KLCC,1748
2026-07-22,KL Sentral,Masjid Jamek,480
2026-07-22,KL Sentral,Pasar Seni,956
2026-07-22,KLCC,Bukit Bintang,12
2026-07-22,KLCC,KL Sentral,1599
2026-07-22,KLCC,KLCC,219
2026-07-22,KLCC,Masjid Jamek,388
2026-07-22,KLCC,Pasar Seni,762
2026-07-22,Masjid Jamek,Bukit Bintang,19
2026-07-22,Masjid Jamek,KL Sentral,488
2026-07-22,Masjid Jamek,KLCC,503
2026-07-22,Masjid Jamek,Masjid Jamek,195
2026-07-22,Masjid Jamek,Pasar Seni,143
2026-07-22,Pasar Seni,Bukit Bintang,0
2026-07-22,Pasar Seni,KL Sentral,944
2026-07-22,Pasar Seni,KLCC,708
2026-07-22,Pasar Seni,Masjid Jamek,129
2026-07-22,Pasar Seni,Pasar Seni,362
2026-07-23,Bukit Bintang,Bukit Bintang,254
2026-07-23,Bukit Bintang,KL Sentral,0
2026-07-23,Bukit Bintang,KLCC,3
2026-07-23,Bukit Bintang,Masjid Jamek,2
2026-07-23,Bukit Bintang,Pasar Seni,10
2026-07-23,KL Sentral,Bukit Bintang,5
2026-07-23,KL Sentral,KL Sentral,299
2026-07-23,KL Sentral,KLCC,1639
2026-07-23,KL Sentral,Masjid Jamek,483
2026-07-23,KL Sentral,Pasar Seni,1011
2026-07-23,KLCC,Bukit Bintang,17
2026-07-23,KLCC,KL Sentral,1638
2026-07-23,KLCC,KLCC,212
2026-07-23,KLCC,Masjid Jamek,409
2026-07-23,KLCC,Pasar Seni,828
2026-07-23,Masjid Jamek,Bukit Bintang,18
2026-07-23,Masjid Jamek,KL Sentral,492
2026-07-23,Masjid Jamek,KLCC,454
2026-07-23,Masjid Jamek,Masjid Jamek,172
2026-07-23,Masjid Jamek,Pasar Seni,161
2026-07-23,Pasar Seni,Bukit Bintang,2
2026-07-23,Pasar Seni,KL Sentral,1080
2026-07-23,Pasar Seni,KLCC,841
2026-07-23,Pasar Seni,Masjid Jamek,144
2026-07-23,Pasar Seni,Pasar Seni,387
2026-07-24,Bukit Bintang,Bukit Bintang,335
2026-07-24,Bukit Bintang,KL Sentral,0
2026-07-24,Bukit Bintang,KLCC,19
2026-07-24,Bukit Bintang,Masjid Jamek,5
2026-07-24,Bukit Bintang,Pasar Seni,4
2026-07-24,KL Sentral,Bukit Bintang,2
2026-07-24,KL Sentral,KL Sentral,248
2026-07-24,KL Sentral,KLCC,1782
2026-07-24,KL Sentral,Masjid Jamek,502
2026-07-24,KL Sentral,Pasar Seni,1271
2026-07-24,KLCC,Bukit Bintang,7
2026-07-24,KLCC,KL Sentral,1763
2026-07-24,KLCC,KLCC,249
2026-07-24,KLCC,Masjid Jamek,578
2026-07-24,KLCC,Pasar Seni,1066
2026-07-24,Masjid Jamek,Bukit Bintang,30
2026-07-24,Masjid Jamek,KL Sentral,580
2026-07-24,Masjid Jamek,KLCC,677
2026-07-24,Masjid Jamek,Masjid Jamek,202
2026-07-24,Masjid Jamek,Pasar Seni,185
2026-07-24,Pasar Seni,Bukit Bintang,1
2026-07-24,Pasar Seni,KL Sentral,1226
2026-07-24,Pasar Seni,KLCC,1001
2026-07-24,Pasar Seni,Masjid Jamek,139
2026-07-24,Pasar Seni,Pasar Seni,392
2026-07-25,Bukit Bintang,Bukit Bintang,487
2026-07-25,Bukit Bintang,KL Sentral,0
2026-07-25,Bukit Bintang,KLCC,23
2026-07-25,Bukit Bintang,Masjid Jamek,4
2026-07-25,Bukit Bintang,Pasar Seni,3
2026-07-25,KL Sentral,Bukit Bintang,0
2026-07-25,KL Sentral,KL Sentral,270
2026-07-25,KL Sentral,KLCC,1509
2026-07-25,KL Sentral,Masjid Jamek,325
2026-07-25,KL Sentral,Pasar Seni,1349
2026-07-25,KLCC,Bukit Bintang,17
2026-07-25,KLCC,KL Sentral,1316
2026-07-25,KLCC,KLCC,230
2026-07-25,KLCC,Masjid Jamek,311
2026-07-25,KLCC,Pasar Seni,1096
2026-07-25,Masjid Jamek,Bukit Bintang,21
2026-07-25,Masjid Jamek,KL Sentral,284
2026-07-25,Masjid Jamek,KLCC,317
2026-07-25,Masjid Jamek,Masjid Jamek,171
2026-07-25,Masjid Jamek,Pasar Seni,102
2026-07-25,Pasar Seni,Bukit Bintang,6
2026-07-25,Pasar Seni,KL Sentral,1243
2026-07-25,Pasar Seni,KLCC,1134
2026-07-25,Pasar Seni,Masjid Jamek,112
2026-07-25,Pasar Seni,Pasar Seni,507
2026-07-26,Bukit Bintang,Bukit Bintang,455
2026-07-26,Bukit Bintang,KL Sentral,0
2026-07-26,Bukit Bintang,KLCC,6
2026-07-26,Bukit Bintang,Masjid Jamek,5
2026-07-26,Bukit Bintang,Pasar Seni,9
2026-07-26,KL Sentral,Bukit Bintang,4
2026-07-26,KL Sentral,KL Sentral,228
2026-07-26,KL Sentral,KLCC,1301
2026-07-26,KL Sentral,Masjid Jamek,344
2026-07-26,KL Sentral,Pasar Seni,1166
2026-07-26,KLCC,Bukit Bintang,21
2026-07-26,KLCC,KL Sentral,1214
2026-07-26,KLCC,KLCC,178
2026-07-26,KLCC,Masjid Jamek,413
2026-07-26,KLCC,Pasar Seni,1061
2026-07-26,Masjid Jamek,Bukit Bintang,68
2026-07-26,Masjid Jamek,KL Sentral,309
2026-07-26,Masjid Jamek,KLCC,364
2026-07-26,Masjid Jamek,Masjid Jamek,147
2026-07-26,Masjid Jamek,Pasar Seni,98
2026-07-26,Pasar Seni,Bukit Bintang,3
2026-07-26,Pasar Seni,KL Sentral,1352
2026-07-26,Pasar Seni,KLCC,1061
2026-07-26,Pasar Seni,Masjid Jamek,101
2026-07-26,Pasar Seni,Pasar Seni,470
2026-07-27,Bukit Bintang,Bukit Bintang,273
2026-07-27,Bukit Bintang,KL Sentral,0
2026-07-27,Bukit Bintang,KLCC,3
2026-07-27,Bukit Bintang,Masjid Jamek,4
2026-07-27,Bukit Bintang,Pasar Seni,0
2026-07-27,KL Sentral,Bukit Bintang,1
2026-07-27,KL Sentral,KL Sentral,306
2026-07-27,KL Sentral,KLCC,1753
2026-07-27,KL Sentral,Masjid Jamek,521
2026-07-27,KL Sentral,Pasar Seni,905
2026-07-27,KLCC,Bukit Bintang,5
2026-07-27,KLCC,KL Sentral,1562
2026-07-27,KLCC,KLCC,170
2026-07-27,KLCC,Masjid Jamek,366
2026-07-27,KLCC,Pasar Seni,917
2026-07-27,Masjid Jamek,Bukit Bintang,23
2026-07-27,Masjid Jamek,KL Sentral,452
2026-07-27,Masjid Jamek,KLCC,458
2026-07-27,Masjid Jamek,Masjid Jamek,209
2026-07-27,Masjid Jamek,Pasar Seni,137
2026-07-27,Pasar Seni,Bukit Bintang,5
2026-07-27,Pasar Seni,KL Sentral,974
2026-07-27,Pasar Seni,KLCC,814
2026-07-27,Pasar Seni,Masjid Jamek,121
2026-07-27,Pasar Seni,Pasar Seni,341
2026-07-28,Bukit Bintang,Bukit Bintang,234
2026-07-28,Bukit Bintang,KL Sentral,0
2026-07-28,Bukit Bintang,KLCC,1
2026-07-28,Bukit Bintang,Masjid Jamek,7
2026-07-28,Bukit Bintang,Pasar Seni,8
2026-07-28,KL Sentral,Bukit Bintang,0
2026-07-28,KL Sentral,KL Sentral,353
2026-07-28,KL Sentral,KLCC,1748
2026-07-28,KL Sentral,Masjid Jamek,503
2026-07-28,KL Sentral,Pasar Seni,847
2026-07-28,KLCC,Bukit Bintang,7
2026-07-28,KLCC,KL Sentral,1657
2026-07-28,KLCC,KLCC,265
2026-07-28,KLCC,Masjid Jamek,362
2026-07-28,KLCC,Pasar Seni,762
2026-07-28,Masjid Jamek,Bukit Bintang,14
2026-07-28,Masjid Jamek,KL Sentral,541
2026-07-28,Masjid Jamek,KLCC,431
2026-07-28,Masjid Jamek,Masjid Jamek,216
2026-07-28,Masjid Jamek,Pasar Seni,153
2026-07-28,Pasar Seni,Bukit Bintang,2
2026-07-28,Pasar Seni,KL Sentral,942
2026-07-28,Pasar Seni,KLCC,785
2026-07-28,Pasar Seni,Masjid Jamek,147
2026-07-28,Pasar Seni,Pasar Seni,380
2026-07-29,Bukit Bintang,Bukit Bintang,226
2026-07-29,Bukit Bintang,KL Sentral,0
2026-07-29,Bukit Bintang,KLCC,7
2026-07-29,Bukit Bintang,Masjid Jamek,6
2026-07-29,Bukit Bintang,Pasar Seni,4
2026-07-29,KL Sentral,Bukit Bintang,2
2026-07-29,KL Sentral,KL Sentral,388
2026-07-29,KL Sentral,KLCC,1719
2026-07-29,KL Sentral,Masjid Jamek,484
2026-07-29,KL Sentral,Pasar Seni,900
2026-07-29,KLCC,Bukit Bintang,8
2026-07-29,KLCC,KL Sentral,1593
2026-07-29,KLCC,KLCC,196
2026-07-29,KLCC,Masjid Jamek,359
2026-07-29,KLCC,Pasar Seni,919
2026-07-29,Masjid Jamek,Bukit Bintang,27
2026-07-29,Masjid Jamek,KL Sentral,504
2026-07-29,Masjid Jamek,KLCC,450
2026-07-29,Masjid Jamek,Masjid Jamek,228
2026-07-29,Masjid Jamek,Pasar Seni,149
2026-07-29,Pasar Seni,Bukit Bintang,0
2026-07-29,Pasar Seni,KL Sentral,983
2026-07-29,Pasar Seni,KLCC,861
2026-07-29,Pasar Seni,Masjid Jamek,128
2026-07-29,Pasar Seni,Pasar Seni,578
2026-07-30,Bukit Bintang,Bukit Bintang,330
2026-07-30,Bukit Bintang,KL Sentral,0
2026-07-30,Bukit Bintang,KLCC,6
2026-07-30,Bukit Bintang,Masjid Jamek,1
2026-07-30,Bukit Bintang,Pasar Seni,5
2026-07-30,KL Sentral,Bukit Bintang,0
2026-07-30,KL Sentral,KL Sentral,266
2026-07-30,KL Sentral,KLCC,1893
2026-07-30,KL Sentral,Masjid Jamek,468
2026-07-30,KL Sentral,Pasar Seni,1071
2026-07-30,KLCC,Bukit Bintang,15
2026-07-30,KLCC,KL Sentral,1865
2026-07-30,KLCC,KLCC,210
2026-07-30,KLCC,Masjid Jamek,435
2026-07-30,KLCC,Pasar Seni,930
2026-07-30,Masjid Jamek,Bukit Bintang,25
2026-07-30,Masjid Jamek,KL Sentral,487
2026-07-30,Masjid Jamek,KLCC,459
2026-07-30,Masjid Jamek,Masjid Jamek,214
2026-07-30,Masjid Jamek,Pasar Seni,142
2026-07-30,Pasar Seni,Bukit Bintang,4
2026-07-30,Pasar Seni,KL Sentral,1058
2026-07-30,Pasar Seni,KLCC,872
2026-07-30,Pasar Seni,Masjid Jamek,131
2026-07-30,Pasar Seni,Pasar Seni,399
2026-07-31,Bukit Bintang,Bukit Bintang,335
2026-07-31,Bukit Bintang,KL Sentral,0
2026-07-31,Bukit Bintang,KLCC,6
2026-07-31,Bukit Bintang,Masjid Jamek,0
2026-07-31,Bukit Bintang,Pasar Seni,3
2026-07-31,KL Sentral,Bukit Bintang,2
2026-07-31,KL Sentral,KL Sentral,421
2026-07-31,KL Sentral,KLCC,1791
2026-07-31,KL Sentral,Masjid Jamek,518
2026-07-31,KL Sentral,Pasar Seni,1239
2026-07-31,KLCC,Bukit Bintang,4
2026-07-31,KLCC,KL Sentral,1806
2026-07-31,KLCC,KLCC,329
2026-07-31,KLCC,Masjid Jamek,521
2026-07-31,KLCC,Pasar Seni,984
2026-07-31,Masjid Jamek,Bukit Bintang,21
2026-07-31,Masjid Jamek,KL Sentral,560
2026-07-31,Masjid Jamek,KLCC,709
2026-07-31,Masjid Jamek,Masjid Jamek,217
2026-07-31,Masjid Jamek,Pasar Seni,199
2026-07-31,Pasar Seni,Bukit Bintang,4
2026-07-31,Pasar Seni,KL Sentral,1244
2026-07-31,Pasar Seni,KLCC,1008
2026-07-31,Pasar Seni,Masjid Jamek,159
2026-07-31,Pasar Seni,Pasar Seni,431
2026-08-01,Bukit Bintang,Bukit Bintang,434
2026-08-01,Bukit Bintang,KL Sentral,0
2026-08-01,Bukit Bintang,KLCC,5
2026-08-01,Bukit Bintang,Masjid Jamek,6
2026-08-01,Bukit Bintang,Pasar Seni,12
2026-08-01,KL Sentral,Bukit Bintang,2
2026-08-01,KL Sentral,KL Sentral,266
2026-08-01,KL Sentral,KLCC,1657
2026-08-01,KL Sentral,Masjid Jamek,305
2026-08-01,KL Sentral,Pasar Seni,1450
2026-08-01,KLCC,Bukit Bintang,18
2026-08-01,KLCC,KL Sentral,1437
2026-08-01,KLCC,KLCC,201
2026-08-01,KLCC,Masjid Jamek,262
2026-08-01,KLCC,Pasar Seni,1168
2026-08-01,Masjid Jamek,Bukit Bintang,22
2026-08-01,Masjid Jamek,KL Sentral,265
2026-08-01,Masjid Jamek,KLCC,289
2026-08-01,Masjid Jamek,Masjid Jamek,140
2026-08-01,Masjid Jamek,Pasar Seni,98
2026-08-01,Pasar Seni,Bukit Bintang,3
2026-08-01,Pasar Seni,KL Sentral,1459
2026-08-01,Pasar Seni,KLCC,1130
2026-08-01,Pasar Seni,Masjid Jamek,119
2026-08-01,Pasar Seni,Pasar Seni,544
2026-08-02,Bukit Bintang,Bukit Bintang,383
2026-08-02,Bukit Bintang,KL Sentral,0
2026-08-02,Bukit Bintang,KLCC,1
2026-08-02,Bukit Bintang,Masjid Jamek,3
2026-08-02,Bukit Bintang,Pasar Seni,6
2026-08-02,KL Sentral,Bukit Bintang,0
2026-08-02,KL Sentral,KL Sentral,261
2026-08-02,KL Sentral,KLCC,1389
2026-08-02,KL Sentral,Masjid Jamek,342
2026-08-02,KL Sentral,Pasar Seni,1174
2026-08-02,KLCC,Bukit Bintang,14
2026-08-02,KLCC,KL Sentral,1297
2026-08-02,KLCC,KLCC,189
2026-08-02,KLCC,Masjid Jamek,399
2026-08-02,KLCC,Pasar Seni,1171
2026-08-02,Masjid Jamek,Bukit Bintang,41
2026-08-02,Masjid Jamek,KL Sentral,299
2026-08-02,Masjid Jamek,KLCC,356
2026-08-02,Masjid Jamek,Masjid Jamek,142
2026-08-02,Masjid Jamek,Pasar Seni,100
2026-08-02,Pasar Seni,Bukit Bintang,5
2026-08-02,Pasar Seni,KL Sentral,1400
2026-08-02,Pasar Seni,KLCC,1293
2026-08-02,Pasar Seni,Masjid Jamek,84
2026-08-02,Pasar Seni,Pasar Seni,454
2026-08-03,Bukit Bintang,Bukit Bintang,287
2026-08-03,Bukit Bintang,KL Sentral,4
2026-08-03,Bukit Bintang,KLCC,11
2026-08-03,Bukit Bintang,Masjid Jamek,6
2026-08-03,Bukit Bintang,Pasar Seni,0
2026-08-03,KL Sentral,Bukit Bintang,10
2026-08-03,KL Sentral,KL Sentral,279
2026-08-03,KL Sentral,KLCC,1823
2026-08-03,KL Sentral,Masjid Jamek,451
2026-08-03,KL Sentral,Pasar Seni,1016
2026-08-03,KLCC,Bukit Bintang,2
2026-08-03,KLCC,KL Sentral,1692
2026-08-03,KLCC,KLCC,333
2026-08-03,KLCC,Masjid Jamek,375
2026-08-03,KLCC,Pasar Seni,919
2026-08-03,Masjid Jamek,Bukit Bintang,20
2026-08-03,Masjid Jamek,KL Sentral,480
2026-08-03,Masjid Jamek,KLCC,451
2026-08-03,Masjid Jamek,Masjid Jamek,172
2026-08-03,Masjid Jamek,Pasar Seni,149
2026-08-03,Pasar Seni,Bukit Bintang,5
2026-08-03,Pasar Seni,KL Sentral,1059
2026-08-03,Pasar Seni,KLCC,839
2026-08-03,Pasar Seni,Masjid Jamek,111
2026-08-03,Pasar Seni,Pasar Seni,400
2026-08-04,Bukit Bintang,Bukit Bintang,285
2026-08-04,Bukit Bintang,KL Sentral,0
2026-08-04,Bukit Bintang,KLCC,15
2026-08-04,Bukit Bintang,Masjid Jamek,1
2026-08-04,Bukit Bintang,Pasar Seni,1
2026-08-04,KL Sentral,Bukit Bintang,0
2026-08-04,KL Sentral,KL Sentral,304
2026-08-04,KL Sentral,KLCC,1813
2026-08-04,KL Sentral,Masjid Jamek,450
2026-08-04,KL Sentral,Pasar Seni,976
2026-08-04,KLCC,Bukit Bintang,13
2026-08-04,KLCC,KL Sentral,1724
2026-08-04,KLCC,KLCC,216
2026-08-04,KLCC,Masjid Jamek,354
2026-08-04,KLCC,Pasar Seni,886
2026-08-04,Masjid Jamek,Bukit Bintang,14
2026-08-04,Masjid Jamek,KL Sentral,443
2026-08-04,Masjid Jamek,KLCC,451
2026-08-04,Masjid Jamek,Masjid Jamek,174
2026-08-04,Masjid Jamek,Pasar Seni,136
2026-08-04,Pasar Seni,Bukit Bintang,0
2026-08-04,Pasar Seni,KL Sentral,1021
2026-08-04,Pasar Seni,KLCC,908
2026-08-04,Pasar Seni,Masjid Jamek,122
2026-08-04,Pasar Seni,Pasar Seni,379
2026-08-05,Bukit Bintang,Bukit Bintang,351
2026-08-05,Bukit Bintang,KL Sentral,1
2026-08-05,Bukit Bintang,KLCC,8
2026-08-05,Bukit Bintang,Masjid Jamek,0
2026-08-05,Bukit Bintang,Pasar Seni,7
2026-08-05,KL Sentral,Bukit Bintang,4
2026-08-05,KL Sentral,KL Sentral,276
2026-08-05,KL Sentral,KLCC,1879
2026-08-05,KL Sentral,Masjid Jamek,471
2026-08-05,KL Sentral,Pasar Seni,960
2026-08-05,KLCC,Bukit Bintang,14
2026-08-05,KLCC,KL Sentral,1705
2026-08-05,KLCC,KLCC,277
2026-08-05,KLCC,Masjid Jamek,432
2026-08-05,KLCC,Pasar Seni,951
2026-08-05,Masjid Jamek,Bukit Bintang,14
2026-08-05,Masjid Jamek,KL Sentral,502
2026-08-05,Masjid Jamek,KLCC,506
2026-08-05,Masjid Jamek,Masjid Jamek,209
2026-08-05,Masjid Jamek,Pasar Seni,149
2026-08-05,Pasar Seni,Bukit Bintang,0
2026-08-05,Pasar Seni,KL Sentral,1008
2026-08-05,Pasar Seni,KLCC,910
2026-08-05,Pasar Seni,Masjid Jamek,124
2026-08-05,Pasar Seni,Pasar Seni,404
2026-08-06,Bukit Bintang,Bukit Bintang,312
2026-08-06,Bukit Bintang,KL Sentral,0
2026-08-06,Bukit Bintang,KLCC,4
2026-08-06,Bukit Bintang,Masjid Jamek,6
2026-08-06,Bukit Bintang,Pasar Seni,2
2026-08-06,KL Sentral,Bukit Bintang,2
2026-08-06,KL Sentral,KL Sentral,244
2026-08-06,KL Sentral,KLCC,1903
2026-08-06,KL Sentral,Masjid Jamek,534
2026-08-06,KL Sentral,Pasar Seni,1084
2026-08-06,KLCC,Bukit Bintang,12
2026-08-06,KLCC,KL Sentral,1761
2026-08-06,KLCC,KLCC,305
2026-08-06,KLCC,Masjid Jamek,384
2026-08-06,KLCC,Pasar Seni,962
2026-08-06,Masjid Jamek,Bukit Bintang,24
2026-08-06,Masjid Jamek,KL Sentral,495
2026-08-06,Masjid Jamek,KLCC,487
2026-08-06,Masjid Jamek,Masjid Jamek,175
2026-08-06,Masjid Jamek,Pasar Seni,172
2026-08-06,Pasar Seni,Bukit Bintang,1
2026-08-06,Pasar Seni,KL Sentral,1140
2026-08-06,Pasar Seni,KLCC,985
2026-08-06,Pasar Seni,Masjid Jamek,146
2026-08-06,Pasar Seni,Pasar Seni,357
2026-08-07,Bukit Bintang,Bukit Bintang,395
2026-08-07,Bukit Bintang,KL Sentral,0
2026-08-07,Bukit Bintang,KLCC,27
2026-08-07,Bukit Bintang,Masjid Jamek,2
2026-08-07,Bukit Bintang,Pasar Seni,7
2026-08-07,KL Sentral,Bukit Bintang,1
2026-08-07,KL Sentral,KL Sentral,297
2026-08-07,KL Sentral,KLCC,1911
2026-08-07,KL Sentral,Masjid Jamek,539
2026-08-07,KL Sentral,Pasar Seni,1225
2026-08-07,KLCC,Bukit Bintang,14
2026-08-07,KLCC,KL Sentral,1857
2026-08-07,KLCC,KLCC,291
2026-08-07,KLCC,Masjid Jamek,587
2026-08-07,KLCC,Pasar Seni,1170
2026-08-07,Masjid Jamek,Bukit Bintang,35
2026-08-07,Masjid Jamek,KL Sentral,531
2026-08-07,Masjid Jamek,KLCC,679
2026-08-07,Masjid Jamek,Masjid Jamek,265
2026-08-07,Masjid Jamek,Pasar Seni,180
2026-08-07,Pasar Seni,Bukit Bintang,2
2026-08-07,Pasar Seni,KL Sentral,1260
2026-08-07,Pasar Seni,KLCC,1094
2026-08-07,Pasar Seni,Masjid Jamek,171
2026-08-07,Pasar Seni,Pasar Seni,443
